5988, 1.200000, 1.200000, 1.200000, 1.200000, 1.200000, 1.200000, 1.200000, 1.200000, 1.200000, 1.200000, 1.200000, 1.200000, 1.200000, 1.200000, 1.200000, 1.200000, 1.200000, 1.200000, 1.200000, 1.200000, 1.200000, 1.200000, 1.200000, 1.200000, 1.200000, 1.200000, 1.200000, 1.200000, 1.200000, 1.200000, 1.200000, 1.200000, 1.200000, 1.200000, 1.200000, 1.200000, 
7238, 1.200000, 1.200000, 1.200000, 1.200000, 1.200000, 1.200000, 1.200000, 1.200000, 1.200000, 1.200000, 1.200000, 1.200000, 1.200000, 1.200000, 1.200000, 1.200000, 1.200000, 1.200000, 1.200000, 1.200000, 1.200000, 1.200000, 1.200000, 1.200000, 1.200000, 1.200000, 1.200000, 1.200000, 1.200000, 1.200000, 1.200000, 1.200000, 1.200000, 1.200000, 1.200000, 1.200000, 
8488, 1.200000, 1.200000, 1.200000, 1.200000, 1.200000, 1.200000, 1.200000, 1.200000, 1.200000, 1.200000, 1.200000, 1.200000, 1.200000, 1.200000, 1.200000, 1.200000, 1.200000, 1.200000, 1.200000, 1.200000, 1.200000, 1.200000, 1.200000, 1.200000, 1.200000, 1.200000, 1.200000, 1.200000, 1.200000, 1.200000, 1.200000, 1.200000, 1.200000, 1.200000, 1.200000, 1.200000, 
9738, 1.200000, 1.200000, 1.200000, 1.200000, 1.200000, 1.200000, 1.200000, 1.200000, 1.200000, 1.200000, 1.200000, 1.200000, 1.200000, 1.200000, 1.200000, 1.200000, 1.200000, 1.200000, 1.200000, 1.200000, 1.200000, 1.200000, 1.200000, 1.200000, 1.200000, 1.200000, 1.200000, 1.200000, 1.200000, 1.200000, 1.200000, 1.200000, 1.200000, 1.200000, 1.200000, 1.200000, 
10988, 1.200000, 1.200000, 1.200000, 1.200000, 1.200000, 1.200000, 1.200000, 1.200000, 1.200000, 1.200000, 1.200000, 1.200000, 1.200000, 1.200000, 1.200000, 1.200000, 1.200000, 1.200000, 1.200000, 1.200000, 1.200000, 1.200000, 1.200000, 1.200000, 1.200000, 1.200000, 1.200000, 1.200000, 1.200000, 1.200000, 1.200000, 1.200000, 1.200000, 1.200000, 1.200000, 1.200000, 
12237, 1.200000, 1.200000, 1.200000, 1.200000, 1.200000, 1.200000, 1.200000, 1.200000, 1.200000, 1.200000, 1.200000, 1.200000, 1.200000, 1.200000, 1.200000, 1.200000, 1.200000, 1.200000, 1.200000, 1.200000, 1.200000, 1.200000, 1.200000, 1.200000, 1.200000, 1.200000, 1.200000, 1.200000, 1.200000, 1.200000, 1.200000, 1.200000, 1.200000, 1.200000, 1.200000, 1.200000, 
13488, 1.200000, 1.200000, 1.200000, 1.200000, 1.200000, 1.200000, 1.200000, 1.200000, 1.200000, 1.200000, 1.200000, 1.200000, 1.200000, 1.200000, 1.200000, 1.200000, 1.200000, 1.200000, 1.200000, 1.200000, 1.200000, 1.200000, 1.200000, 1.200000, 1.200000, 1.200000, 1.200000, 1.200000, 1.200000, 1.200000, 1.200000, 1.200000, 1.200000, 1.200000, 1.200000, 1.200000, 
14738, 1.200000, 1.200000, 1.200000, 1.200000, 1.200000, 1.200000, 1.200000, 1.200000, 1.200000, 1.200000, 1.200000, 1.200000, 1.200000, 1.200000, 1.200000, 1.200000, 1.200000, 1.200000, 1.200000, 1.200000, 1.200000, 1.200000, 1.200000, 1.200000, 1.200000, 1.200000, 1.200000, 1.200000, 1.200000, 1.200000, 1.200000, 1.200000, 1.200000, 1.200000, 1.200000, 1.200000, 
15988, 1.200000, 1.200000, 1.200000, 1.200000, 1.200000, 1.200000, 1.200000, 1.200000, 1.200000, 1.200000, 1.200000, 1.200000, 1.200000, 1.200000, 1.200000, 1.200000, 1.200000, 1.200000, 1.200000, 1.200000, 1.200000, 1.200000, 1.200000, 1.200000, 1.200000, 1.200000, 1.200000, 1.200000, 1.200000, 1.200000, 1.200000, 1.200000, 1.200000, 1.200000, 1.200000, 1.200000, 
17238, 1.200000, 1.200000, 1.200000, 1.200000, 1.200000, 1.200000, 1.200000, 1.200000, 1.200000, 1.200000, 1.200000, 1.200000, 1.200000, 1.200000, 1.200000, 1.200000, 1.200000, 1.200000, 1.200000, 1.200000, 1.200000, 1.200000, 1.200000, 1.200000, 1.200000, 1.200000, 1.200000, 1.200000, 1.200000, 1.200000, 1.200000, 1.200000, 1.200000, 1.200000, 1.200000, 1.200000, 
18488, 1.200000, 1.200000, 1.200000, 1.200000, 1.200000, 1.200000, 1.200000, 1.200000, 1.200000, 1.200000, 1.200000, 1.200000, 1.200000, 1.200000, 1.200000, 1.200000, 1.200000, 1.200000, 1.200000, 1.200000, 1.200000, 1.200000, 1.200000, 1.200000, 1.200000, 1.200000, 1.200000, 1.200000, 1.200000, 1.200000, 1.200000, 1.200000, 1.200000, 1.200000, 1.200000, 1.200000, 
19738, 1.200000, 1.200000, 1.200000, 1.200000, 1.200000, 1.200000, 1.200000, 1.200000, 1.200000, 1.200000, 1.200000, 1.200000, 1.200000, 1.200000, 1.200000, 1.200000, 1.200000, 1.200000, 1.200000, 1.200000, 1.200000, 1.200000, 1.200000, 1.200000, 1.200000, 1.200000, 1.200000, 1.200000, 1.200000, 1.200000, 1.200000, 1.200000, 1.200000, 1.200000, 1.200000, 1.200000, 
20987, 1.200000, 1.200000, 1.200000, 1.200000, 1.200000, 1.200000, 1.200000, 1.200000, 1.200000, 1.200000, 1.200000, 1.200000, 1.200000, 1.200000, 1.200000, 1.200000, 1.200000, 1.200000, 1.200000, 1.200000, 1.200000, 1.200000, 1.200000, 1.200000, 1.200000, 1.200000, 1.200000, 1.200000, 1.200000, 1.200000, 1.200000, 1.200000, 1.200000, 1.200000, 1.200000, 1.200000, 
22237, 1.200000, 1.200000, 1.200000, 1.200000, 1.200000, 1.200000, 1.200000, 1.200000, 1.200000, 1.200000, 1.200000, 1.200000, 1.200000, 1.200000, 1.200000, 1.200000, 1.200000, 1.200000, 1.200000, 1.200000, 1.200000, 1.200000, 1.200000, 1.200000, 1.200000, 1.200000, 1.200000, 1.200000, 1.200000, 1.200000, 1.200000, 1.200000, 1.200000, 1.200000, 1.200000, 1.200000, 
23487, 1.200000, 1.200000, 1.200000, 1.200000, 1.200000, 1.200000, 1.200000, 1.200000, 1.200000, 1.200000, 1.200000, 1.200000, 1.200000, 1.200000, 1.200000, 1.200000, 1.200000, 1.200000, 1.200000, 1.200000, 1.200000, 1.200000, 1.200000, 1.200000, 1.200000, 1.200000, 1.200000, 1.200000, 1.200000, 1.200000, 1.200000, 1.200000, 1.200000, 1.200000, 1.200000, 1.200000, 
24737, 1.200000, 1.200000, 1.200000, 1.200000, 1.200000, 1.200000, 1.200000, 1.200000, 1.200000, 1.200000, 1.200000, 1.200000, 1.200000, 1.200000, 1.200000, 1.200000, 1.200000, 1.200000, 1.200000, 1.200000, 1.200000, 1.200000, 1.200000, 1.200000, 1.200000, 1.200000, 1.200000, 1.200000, 1.200000, 1.200000, 1.200000, 1.200000, 1.200000, 1.200000, 1.200000, 1.200000, 
25987, 3.400000, 3.400000, 3.400000, 3.400000, 3.400000, 3.400000, 3.400000, 3.400000, 3.400000, 3.400000, 3.400000, 3.400000, 3.400000, 3.400000, 3.400000, 3.400000, 3.400000, 3.400000, 3.400000, 3.400000, 3.400000, 3.400000, 3.400000, 3.400000, 3.400000, 3.400000, 3.400000, 3.400000, 3.400000, 3.400000, 3.400000, 3.400000, 3.400000, 3.400000, 3.400000, 3.400000, 
27237, 3.400000, 3.400000, 3.400000, 3.400000, 3.400000, 3.400000, 3.400000, 3.400000, 3.400000, 3.400000, 3.400000, 3.400000, 3.400000, 3.400000, 3.400000, 3.400000, 3.400000, 3.400000, 3.400000, 3.400000, 3.400000, 3.400000, 3.400000, 3.400000, 3.400000, 3.400000, 3.400000, 3.400000, 3.400000, 3.400000, 3.400000, 3.400000, 3.400000, 3.400000, 3.400000, 3.400000, 
28487, 3.400000, 3.400000, 3.400000, 3.400000, 3.400000, 3.400000, 3.400000, 3.400000, 3.400000, 3.400000, 3.400000, 3.400000, 3.400000, 3.400000, 3.400000, 3.400000, 3.400000, 3.400000, 3.400000, 3.400000, 3.400000, 3.400000, 3.400000, 3.400000, 3.400000, 3.400000, 3.400000, 3.400000, 3.400000, 3.400000, 3.400000, 3.400000, 3.400000, 3.400000, 3.400000, 3.400000, 
29737, 3.400000, 3.400000, 3.400000, 3.400000, 3.400000, 3.400000, 3.400000, 3.400000, 3.400000, 3.400000, 3.400000, 3.400000, 3.400000, 3.400000, 3.400000, 3.400000, 3.400000, 3.400000, 3.400000, 3.400000, 3.400000, 3.400000, 3.400000, 3.400000, 3.400000, 3.400000, 3.400000, 3.400000, 3.400000, 3.400000, 3.400000, 3.400000, 3.400000, 3.400000, 3.400000, 3.400000, 
30987, 3.400000, 3.400000, 3.400000, 3.400000, 3.400000, 3.400000, 3.400000, 3.400000, 3.400000, 3.400000, 3.400000, 3.400000, 3.400000, 3.400000, 3.400000, 3.400000, 3.400000, 3.400000, 3.400000, 3.400000, 3.400000, 3.400000, 3.400000, 3.400000, 3.400000, 3.400000, 3.400000, 3.400000, 3.400000, 3.400000, 3.400000, 3.400000, 3.400000, 3.400000, 3.400000, 3.400000, 
32237, 3.400000, 3.400000, 3.400000, 3.400000, 3.400000, 3.400000, 3.400000, 3.400000, 3.400000, 3.400000, 3.400000, 3.400000, 3.400000, 3.400000, 3.400000, 3.400000, 3.400000, 3.400000, 3.400000, 3.400000, 3.400000, 3.400000, 3.400000, 3.400000, 3.400000, 3.400000, 3.400000, 3.400000, 3.400000, 3.400000, 3.400000, 3.400000, 3.400000, 3.400000, 3.400000, 3.400000, 
33486, 3.400000, 3.400000, 3.400000, 3.400000, 3.400000, 3.400000, 3.400000, 3.400000, 3.400000, 3.400000, 3.400000, 3.400000, 3.400000, 3.400000, 3.400000, 3.400000, 3.400000, 3.400000, 3.400000, 3.400000, 3.400000, 3.400000, 3.400000, 3.400000, 3.400000, 3.400000, 3.400000, 3.400000, 3.400000, 3.400000, 3.400000, 3.400000, 3.400000, 3.400000, 3.400000, 3.400000, 
34737, 3.400000, 3.400000, 3.400000, 3.400000, 3.400000, 3.400000, 3.400000, 3.400000, 3.400000, 3.400000, 3.400000, 3.400000, 3.400000, 3.400000, 3.400000, 3.400000, 3.400000, 3.400000, 3.400000, 3.400000, 3.400000, 3.400000, 3.400000, 3.400000, 3.400000, 3.400000, 3.400000, 3.400000, 3.400000, 3.400000, 3.400000, 3.400000, 3.400000, 3.400000, 3.400000, 3.400000, 
35987, 3.400000, 3.400000, 3.400000, 3.400000, 3.400000, 3.400000, 3.400000, 3.400000, 3.400000, 3.400000, 3.400000, 3.400000, 3.400000, 3.400000, 3.400000, 3.400000, 3.400000, 3.400000, 3.400000, 3.400000, 3.400000, 3.400000, 3.400000, 3.400000, 3.400000, 3.400000, 3.400000, 3.400000, 3.400000, 3.400000, 3.400000, 3.400000, 3.400000, 3.400000, 3.400000, 3.400000, 
37237, 3.400000, 3.400000, 3.400000, 3.400000, 3.400000, 3.400000, 3.400000, 3.400000, 3.400000, 3.400000, 3.400000, 3.400000, 3.400000, 3.400000, 3.400000, 3.400000, 3.400000, 3.400000, 3.400000, 3.400000, 3.400000, 3.400000, 3.400000, 3.400000, 3.400000, 3.400000, 3.400000, 3.400000, 3.400000, 3.400000, 3.400000, 3.400000, 3.400000, 3.400000, 3.400000, 3.400000, 
38486, 3.400000, 3.400000, 3.400000, 3.400000, 3.400000, 3.400000, 3.400000, 3.400000, 3.400000, 3.400000, 3.400000, 3.400000, 3.400000, 3.400000, 3.400000, 3.400000, 3.400000, 3.400000, 3.400000, 3.400000, 3.400000, 3.400000, 3.400000, 3.400000, 3.400000, 3.400000, 3.400000, 3.400000, 3.400000, 3.400000, 3.400000, 3.400000, 3.400000, 3.400000, 3.400000, 3.400000, 
39737, 3.400000, 3.400000, 3.400000, 3.400000, 3.400000, 3.400000, 3.400000, 3.400000, 3.400000, 3.400000, 3.400000, 3.400000, 3.400000, 3.400000, 3.400000, 3.400000, 3.400000, 3.400000, 3.400000, 3.400000, 3.400000, 3.400000, 3.400000, 3.400000, 3.400000, 3.400000, 3.400000, 3.400000, 3.400000, 3.400000, 3.400000, 3.400000, 3.400000, 3.400000, 3.400000, 3.400000, 
40987, 3.400000, 3.400000, 3.400000, 3.400000, 3.400000, 3.400000, 3.400000, 3.400000, 3.400000, 3.400000, 3.400000, 3.400000, 3.400000, 3.400000, 3.400000, 3.400000, 3.400000, 3.400000, 3.400000, 3.400000, 3.400000, 3.400000, 3.400000, 3.400000, 3.400000, 3.400000, 3.400000, 3.400000, 3.400000, 3.400000, 3.400000, 3.400000, 3.400000, 3.400000, 3.400000, 3.400000, 
42236, 3.400000, 3.400000, 3.400000, 3.400000, 3.400000, 3.400000, 3.400000, 3.400000, 3.400000, 3.400000, 3.400000, 3.400000, 3.400000, 3.400000, 3.400000, 3.400000, 3.400000, 3.400000, 3.400000, 3.400000, 3.400000, 3.400000, 3.400000, 3.400000, 3.400000, 3.400000, 3.400000, 3.400000, 3.400000, 3.400000, 3.400000, 3.400000, 3.400000, 3.400000, 3.400000, 3.400000, 
43484, 3.400000, 3.400000, 3.400000, 3.400000, 3.400000, 3.400000, 3.400000, 3.400000, 3.400000, 3.400000, 3.400000, 3.400000, 3.400000, 3.400000, 3.400000, 3.400000, 3.400000, 3.400000, 3.400000, 3.400000, 3.400000, 3.400000, 3.400000, 3.400000, 3.400000, 3.400000, 3.400000, 3.400000, 3.400000, 3.400000, 3.400000, 3.400000, 3.400000, 3.400000, 3.400000, 3.400000, 
44734, 3.400000, 3.400000, 3.400000, 3.400000, 3.400000, 3.400000, 3.400000, 3.400000, 3.400000, 3.400000, 3.400000, 3.400000, 3.400000, 3.400000, 3.400000, 3.400000, 3.400000, 3.400000, 3.400000, 3.400000, 3.400000, 3.400000, 3.400000, 3.400000, 3.400000, 3.400000, 3.400000, 3.400000, 3.400000, 3.400000, 3.400000, 3.400000, 3.400000, 3.400000, 3.400000, 3.400000, 
45984, 3.400000, 3.400000, 3.400000, 3.400000, 3.400000, 3.400000, 3.400000, 3.400000, 3.400000, 3.400000, 3.400000, 3.400000, 3.400000, 3.400000, 3.400000, 3.400000, 3.400000, 3.400000, 3.400000, 3.400000, 3.400000, 3.400000, 3.400000, 3.400000, 3.400000, 3.400000, 3.400000, 3.400000, 3.400000, 3.400000, 3.400000, 3.400000, 3.400000, 3.400000, 3.400000, 3.400000, 
47234, 3.400000, 3.400000, 3.400000, 3.400000, 3.400000, 3.400000, 3.400000, 3.400000, 3.400000, 3.400000, 3.400000, 3.400000, 3.400000, 3.400000, 3.400000, 3.400000, 3.400000, 3.400000, 3.400000, 3.400000, 3.400000, 3.400000, 3.400000, 3.400000, 3.400000, 3.400000, 3.400000, 3.400000, 3.400000, 3.400000, 3.400000, 3.400000, 3.400000, 3.400000, 3.400000, 3.400000, 
48484, 3.400000, 3.400000, 3.400000, 3.400000, 3.400000, 3.400000, 3.400000, 3.400000, 3.400000, 3.400000, 3.400000, 3.400000, 3.400000, 3.400000, 3.400000, 3.400000, 3.400000, 3.400000, 3.400000, 3.400000, 3.400000, 3.400000, 3.400000, 3.400000, 3.400000, 3.400000, 3.400000, 3.400000, 3.400000, 3.400000, 3.400000, 3.400000, 3.400000, 3.400000, 3.400000, 3.400000, 
49734, 3.400000, 3.400000, 3.400000, 3.400000, 3.400000, 3.400000, 3.400000, 3.400000, 3.400000, 3.400000, 3.400000, 3.400000, 3.400000, 3.400000, 3.400000, 3.400000, 3.400000, 3.400000, 3.400000, 3.400000, 3.400000, 3.400000, 3.400000, 3.400000, 3.400000, 3.400000, 3.400000, 3.400000, 3.400000, 3.400000, 3.400000, 3.400000, 3.400000, 3.400000, 3.400000, 3.400000, 
50984, 3.400000, 3.400000, 3.400000, 3.400000, 3.400000, 3.400000, 3.400000, 3.400000, 3.400000, 3.400000, 3.400000, 3.400000, 3.400000, 3.400000, 3.400000, 3.400000, 3.400000, 3.400000, 3.400000, 3.400000, 3.400000, 3.400000, 3.400000, 3.400000, 3.400000, 3.400000, 3.400000, 3.400000, 3.400000, 3.400000, 3.400000, 3.400000, 3.400000, 3.400000, 3.400000, 3.400000, 
52234, 3.400000, 3.400000, 3.400000, 3.400000, 3.400000, 3.400000, 3.400000, 3.400000, 3.400000, 3.400000, 3.400000, 3.400000, 3.400000, 3.400000, 3.400000, 3.400000, 3.400000, 3.400000, 3.400000, 3.400000, 3.400000, 3.400000, 3.400000, 3.400000, 3.400000, 3.400000, 3.400000, 3.400000, 3.400000, 3.400000, 3.400000, 3.400000, 3.400000, 3.400000, 3.400000, 3.400000, 
53484, 3.400000, 3.400000, 3.400000, 3.400000, 3.400000, 3.400000, 3.400000, 3.400000, 3.400000, 3.400000, 3.400000, 3.400000, 3.400000, 3.400000, 3.400000, 3.400000, 3.400000, 3.400000, 3.400000, 3.400000, 3.400000, 3.400000, 3.400000, 3.400000, 3.400000, 3.400000, 3.400000, 3.400000, 3.400000, 3.400000, 3.400000, 3.400000, 3.400000, 3.400000, 3.400000, 3.400000, 
54734, 3.400000, 3.400000, 3.400000, 3.400000, 3.400000, 3.400000, 3.400000, 3.400000, 3.400000, 3.400000, 3.400000, 3.400000, 3.400000, 3.400000, 3.400000, 3.400000, 3.400000, 3.400000, 3.400000, 3.400000, 3.400000, 3.400000, 3.400000, 3.400000, 3.400000, 3.400000, 3.400000, 3.400000, 3.400000, 3.400000, 3.400000, 3.400000, 3.400000, 3.400000, 3.400000, 3.400000, 
55984, 3.400000, 3.400000, 3.400000, 3.400000, 3.400000, 3.400000, 3.400000, 3.400000, 3.400000, 3.400000, 3.400000, 3.400000, 3.400000, 3.400000, 3.400000, 3.400000, 3.400000, 3.400000, 3.400000, 3.400000, 3.400000, 3.400000, 3.400000, 3.400000, 3.400000, 3.400000, 3.400000, 3.400000, 3.400000, 3.400000, 3.400000, 3.400000, 3.400000, 3.400000, 3.400000, 3.400000, 
57234, 3.400000, 3.400000, 3.400000, 3.400000, 3.400000, 3.400000, 3.400000, 3.400000, 3.400000, 3.400000, 3.400000, 3.400000, 3.400000, 3.400000, 3.400000, 3.400000, 3.400000, 3.400000, 3.400000, 3.400000, 3.400000, 3.400000, 3.400000, 3.400000, 3.400000, 3.400000, 3.400000, 3.400000, 3.400000, 3.400000, 3.400000, 3.400000, 3.400000, 3.400000, 3.400000, 3.400000, 
58483, 3.400000, 3.400000, 3.400000, 3.400000, 3.400000, 3.400000, 3.400000, 3.400000, 3.400000, 3.400000, 3.400000, 3.400000, 3.400000, 3.400000, 3.400000, 3.400000, 3.400000, 3.400000, 3.400000, 3.400000, 3.400000, 3.400000, 3.400000, 3.400000, 3.400000, 3.400000, 3.400000, 3.400000, 3.400000, 3.400000, 3.400000, 3.400000, 3.400000, 3.400000, 3.400000, 3.400000, 
59733, 3.400000, 3.400000, 3.400000, 3.400000, 3.400000, 3.400000, 3.400000, 3.400000, 3.400000, 3.400000, 3.400000, 3.400000, 3.400000, 3.400000, 3.400000, 3.400000, 3.400000, 3.400000, 3.400000, 3.400000, 3.400000, 3.400000, 3.400000, 3.400000, 3.400000, 3.400000, 3.400000, 3.400000, 3.400000, 3.400000, 3.400000, 3.400000, 3.400000, 3.400000, 3.400000, 3.400000, 
60984, 3.400000, 3.400000, 3.400000, 3.400000, 3.400000, 3.400000, 3.400000, 3.400000, 3.400000, 3.400000, 3.400000, 3.400000, 3.400000, 3.400000, 3.400000, 3.400000, 3.400000, 3.400000, 3.400000, 3.400000, 3.400000, 3.400000, 3.400000, 3.400000, 3.400000, 3.400000, 3.400000, 3.400000, 3.400000, 3.400000, 3.400000, 3.400000, 3.400000, 3.400000, 3.400000, 3.400000, 
62234, 3.400000, 3.400000, 3.400000, 3.400000, 3.400000, 3.400000, 3.400000, 3.400000, 3.400000, 3.400000, 3.400000, 3.400000, 3.400000, 3.400000, 3.400000, 3.400000, 3.400000, 3.400000, 3.400000, 3.400000, 3.400000, 3.400000, 3.400000, 3.400000, 3.400000, 3.400000, 3.400000, 3.400000, 3.400000, 3.400000, 3.400000, 3.400000, 3.400000, 3.400000, 3.400000, 3.400000, 
63483, 3.400000, 3.400000, 3.400000, 3.400000, 3.400000, 3.400000, 3.400000, 3.400000, 3.400000, 3.400000, 3.400000, 3.400000, 3.400000, 3.400000, 3.400000, 3.400000, 3.400000, 3.400000, 3.400000, 3.400000, 3.400000, 3.400000, 3.400000, 3.400000, 3.400000, 3.400000, 3.400000, 3.400000, 3.400000, 3.400000, 3.400000, 3.400000, 3.400000, 3.400000, 3.400000, 3.400000, 
64734, 3.400000, 3.400000, 3.400000, 3.400000, 3.400000, 3.400000, 3.400000, 3.400000, 3.400000, 3.400000, 3.400000, 3.400000, 3.400000, 3.400000, 3.400000, 3.400000, 3.400000, 3.400000, 3.400000, 3.400000, 3.400000, 3.400000, 3.400000, 3.400000, 3.400000, 3.400000, 3.400000, 3.400000, 3.400000, 3.400000, 3.400000, 3.400000, 3.400000, 3.400000, 3.400000, 3.400000, 
65983, 3.400000, 3.400000, 3.400000, 3.400000, 3.400000, 3.400000, 3.400000, 3.400000, 3.400000, 3.400000, 3.400000, 3.400000, 3.400000, 3.400000, 3.400000, 3.400000, 3.400000, 3.400000, 3.400000, 3.400000, 3.400000, 3.400000, 3.400000, 3.400000, 3.400000, 3.400000, 3.400000, 3.400000, 3.400000, 3.400000, 3.400000, 3.400000, 3.400000, 3.400000, 3.400000, 3.400000, 
67233, 3.400000, 3.400000, 3.400000, 3.400000, 3.400000, 3.400000, 3.400000, 3.400000, 3.400000, 3.400000, 3.400000, 3.400000, 3.400000, 3.400000, 3.400000, 3.400000, 3.400000, 3.400000, 3.400000, 3.400000, 3.400000, 3.400000, 3.400000, 3.400000, 3.400000, 3.400000, 3.400000, 3.400000, 3.400000, 3.400000, 3.400000, 3.400000, 3.400000, 3.400000, 3.400000, 3.400000, 
68484, 3.400000, 3.400000, 3.400000, 3.400000, 3.400000, 3.400000, 3.400000, 3.400000, 3.400000, 3.400000, 3.400000, 3.400000, 3.400000, 3.400000, 3.400000, 3.400000, 3.400000, 3.400000, 3.400000, 3.400000, 3.400000, 3.400000, 3.400000, 3.400000, 3.400000, 3.400000, 3.400000, 3.400000, 3.400000, 3.400000, 3.400000, 3.400000, 3.400000, 3.400000, 3.400000, 3.400000, 
69733, 3.400000, 3.400000, 3.400000, 3.400000, 3.400000, 3.400000, 3.400000, 3.400000, 3.400000, 3.400000, 3.400000, 3.400000, 3.400000, 3.400000, 3.400000, 3.400000, 3.400000, 3.400000, 3.400000, 3.400000, 3.400000, 3.400000, 3.400000, 3.400000, 3.400000, 3.400000, 3.400000, 3.400000, 3.400000, 3.400000, 3.400000, 3.400000, 3.400000, 3.400000, 3.400000, 3.400000, 
70984, 3.400000, 3.400000, 3.400000, 3.400000, 3.400000, 3.400000, 3.400000, 3.400000, 3.400000, 3.400000, 3.400000, 3.400000, 3.400000, 3.400000, 3.400000, 3.400000, 3.400000, 3.400000, 3.400000, 3.400000, 3.400000, 3.400000, 3.400000, 3.400000, 3.400000, 3.400000, 3.400000, 3.400000, 3.400000, 3.400000, 3.400000, 3.400000, 3.400000, 3.400000, 3.400000, 3.400000, 
72233, 3.400000, 3.400000, 3.400000, 3.400000, 3.400000, 3.400000, 3.400000, 3.400000, 3.400000, 3.400000, 3.400000, 3.400000, 3.400000, 3.400000, 3.400000, 3.400000, 3.400000, 3.400000, 3.400000, 3.400000, 3.400000, 3.400000, 3.400000, 3.400000, 3.400000, 3.400000, 3.400000, 3.400000, 3.400000, 3.400000, 3.400000, 3.400000, 3.400000, 3.400000, 3.400000, 3.400000, 
73484, 3.400000, 3.400000, 3.400000, 3.400000, 3.400000, 3.400000, 3.400000, 3.400000, 3.400000, 3.400000, 3.400000, 3.400000, 3.400000, 3.400000, 3.400000, 3.400000, 3.400000, 3.400000, 3.400000, 3.400000, 3.400000, 3.400000, 3.400000, 3.400000, 3.400000, 3.400000, 3.400000, 3.400000, 3.400000, 3.400000, 3.400000, 3.400000, 3.400000, 3.400000, 3.400000, 3.400000, 
74734, 3.400000, 3.400000, 3.400000, 3.400000, 3.400000, 3.400000, 3.400000, 3.400000, 3.400000, 3.400000, 3.400000, 3.400000, 3.400000, 3.400000, 3.400000, 3.400000, 3.400000, 3.400000, 3.400000, 3.400000, 3.400000, 3.400000, 3.400000, 3.400000, 3.400000, 3.400000, 3.400000, 3.400000, 3.400000, 3.400000, 3.400000, 3.400000, 3.400000, 3.400000, 3.400000, 3.400000, 
75984, 3.400000, 3.400000, 3.400000, 3.400000, 3.400000, 3.400000, 3.400000, 3.400000, 3.400000, 3.400000, 3.400000, 3.400000, 3.400000, 3.400000, 3.400000, 3.400000, 3.400000, 3.400000, 3.400000, 3.400000, 3.400000, 3.400000, 3.400000, 3.400000, 3.400000, 3.400000, 3.400000, 3.400000, 3.400000, 3.400000, 3.400000, 3.400000, 3.400000, 3.400000, 3.400000, 3.400000, 
77234, 3.400000, 3.400000, 3.400000, 3.400000, 3.400000, 3.400000, 3.400000, 3.400000, 3.400000, 3.400000, 3.400000, 3.400000, 3.400000, 3.400000, 3.400000, 3.400000, 3.400000, 3.400000, 3.400000, 3.400000, 3.400000, 3.400000, 3.400000, 3.400000, 3.400000, 3.400000, 3.400000, 3.400000, 3.400000, 3.400000, 3.400000, 3.400000, 3.400000, 3.400000, 3.400000, 3.400000, 
78484, 3.400000, 3.400000, 3.400000, 3.400000, 3.400000, 3.400000, 3.400000, 3.400000, 3.400000, 3.400000, 3.400000, 3.400000, 3.400000, 3.400000, 3.400000, 3.400000, 3.400000, 3.400000, 3.400000, 3.400000, 3.400000, 3.400000, 3.400000, 3.400000, 3.400000, 3.400000, 3.400000, 3.400000, 3.400000, 3.400000, 3.400000, 3.400000, 3.400000, 3.400000, 3.400000, 3.400000, 
79734, 3.400000, 3.400000, 3.400000, 3.400000, 3.400000, 3.400000, 3.400000, 3.400000, 3.400000, 3.400000, 3.400000, 3.400000, 3.400000, 3.400000, 3.400000, 3.400000, 3.400000, 3.400000, 3.400000, 3.400000, 3.400000, 3.400000, 3.400000, 3.400000, 3.400000, 3.400000, 3.400000, 3.400000, 3.400000, 3.400000, 3.400000, 3.400000, 3.400000, 3.400000, 3.400000, 3.400000, 
80983, 3.400000, 3.400000, 3.400000, 3.400000, 3.400000, 3.400000, 3.400000, 3.400000, 3.400000, 3.400000, 3.400000, 3.400000, 3.400000, 3.400000, 3.400000, 3.400000, 3.400000, 3.400000, 3.400000, 3.400000, 3.400000, 3.400000, 3.400000, 3.400000, 3.400000, 3.400000, 3.400000, 3.400000, 3.400000, 3.400000, 3.400000, 3.400000, 3.400000, 3.400000, 3.400000, 3.400000, 
82234, 3.400000, 3.400000, 3.400000, 3.400000, 3.400000, 3.400000, 3.400000, 3.400000, 3.400000, 3.400000, 3.400000, 3.400000, 3.400000, 3.400000, 3.400000, 3.400000, 3.400000, 3.400000, 3.400000, 3.400000, 3.400000, 3.400000, 3.400000, 3.400000, 3.400000, 3.400000, 3.400000, 3.400000, 3.400000, 3.400000, 3.400000, 3.400000, 3.400000, 3.400000, 3.400000, 3.400000, 
83484, 3.400000, 3.400000, 3.400000, 3.400000, 3.400000, 3.400000, 3.400000, 3.400000, 3.400000, 3.400000, 3.400000, 3.400000, 3.400000, 3.400000, 3.400000, 3.400000, 3.400000, 3.400000, 3.400000, 3.400000, 3.400000, 3.400000, 3.400000, 3.400000, 3.400000, 3.400000, 3.400000, 3.400000, 3.400000, 3.400000, 3.400000, 3.400000, 3.400000, 3.400000, 3.400000, 3.400000, 
84734, 3.400000, 3.400000, 3.400000, 3.400000, 3.400000, 3.400000, 3.400000, 3.400000, 3.400000, 3.400000, 3.400000, 3.400000, 3.400000, 3.400000, 3.400000, 3.400000, 3.400000, 3.400000, 3.400000, 3.400000, 3.400000, 3.400000, 3.400000, 3.400000, 3.400000, 3.400000, 3.400000, 3.400000, 3.400000, 3.400000, 3.400000, 3.400000, 3.400000, 3.400000, 3.400000, 3.400000, 
85984, 3.400000, 3.400000, 3.400000, 3.400000, 3.400000, 3.400000, 3.400000, 3.400000, 3.400000, 3.400000, 3.400000, 3.400000, 3.400000, 3.400000, 3.400000, 3.400000, 3.400000, 3.400000, 3.400000, 3.400000, 3.400000, 3.400000, 3.400000, 3.400000, 3.400000, 3.400000, 3.400000, 3.400000, 3.400000, 3.400000, 3.400000, 3.400000, 3.400000, 3.400000, 3.400000, 3.400000, 
87234, 3.400000, 3.400000, 3.400000, 3.400000, 3.400000, 3.400000, 3.400000, 3.400000, 3.400000, 3.400000, 3.400000, 3.400000, 3.400000, 3.400000, 3.400000, 3.400000, 3.400000, 3.400000, 3.400000, 3.400000, 3.400000, 3.400000, 3.400000, 3.400000, 3.400000, 3.400000, 3.400000, 3.400000, 3.400000, 3.400000, 3.400000, 3.400000, 3.400000, 3.400000, 3.400000, 3.400000, 
88483, 3.400000, 3.400000, 3.400000, 3.400000, 3.400000, 3.400000, 3.400000, 3.400000, 3.400000, 3.400000, 3.400000, 3.400000, 3.400000, 3.400000, 3.400000, 3.400000, 3.400000, 3.400000, 3.400000, 3.400000, 3.400000, 3.400000, 3.400000, 3.400000, 3.400000, 3.400000, 3.400000, 3.400000, 3.400000, 3.400000, 3.400000, 3.400000, 3.400000, 3.400000, 3.400000, 3.400000, 
89734, 3.400000, 3.400000, 3.400000, 3.400000, 3.400000, 3.400000, 3.400000, 3.400000, 3.400000, 3.400000, 3.400000, 3.400000, 3.400000, 3.400000, 3.400000, 3.400000, 3.400000, 3.400000, 3.400000, 3.400000, 3.400000, 3.400000, 3.400000, 3.400000, 3.400000, 3.400000, 3.400000, 3.400000, 3.400000, 3.400000, 3.400000, 3.400000, 3.400000, 3.400000, 3.400000, 3.400000, 
90984, 3.400000, 3.400000, 3.400000, 3.400000, 3.400000, 3.400000, 3.400000, 3.400000, 3.400000, 3.400000, 3.400000, 3.400000, 3.400000, 3.400000, 3.400000, 3.400000, 3.400000, 3.400000, 3.400000, 3.400000, 3.400000, 3.400000, 3.400000, 3.400000, 3.400000, 3.400000, 3.400000, 3.400000, 3.400000, 3.400000, 3.400000, 3.400000, 3.400000, 3.400000, 3.400000, 3.400000, 
92234, 3.400000, 3.400000, 3.400000, 3.400000, 3.400000, 3.400000, 3.400000, 3.400000, 3.400000, 3.400000, 3.400000, 3.400000, 3.400000, 3.400000, 3.400000, 3.400000, 3.400000, 3.400000, 3.400000, 3.400000, 3.400000, 3.400000, 3.400000, 3.400000, 3.400000, 3.400000, 3.400000, 3.400000, 3.400000, 3.400000, 3.400000, 3.400000, 3.400000, 3.400000, 3.400000, 3.400000, 
93484, 3.400000, 3.400000, 3.400000, 3.400000, 3.400000, 3.400000, 3.400000, 3.400000, 3.400000, 3.400000, 3.400000, 3.400000, 3.400000, 3.400000, 3.400000, 3.400000, 3.400000, 3.400000, 3.400000, 3.400000, 3.400000, 3.400000, 3.400000, 3.400000, 3.400000, 3.400000, 3.400000, 3.400000, 3.400000, 3.400000, 3.400000, 3.400000, 3.400000, 3.400000, 3.400000, 3.400000, 
94734, 3.400000, 3.400000, 3.400000, 3.400000, 3.400000, 3.400000, 3.400000, 3.400000, 3.400000, 3.400000, 3.400000, 3.400000, 3.400000, 3.400000, 3.400000, 3.400000, 3.400000, 3.400000, 3.400000, 3.400000, 3.400000, 3.400000, 3.400000, 3.400000, 3.400000, 3.400000, 3.400000, 3.400000, 3.400000, 3.400000, 3.400000, 3.400000, 3.400000, 3.400000, 3.400000, 3.400000, 
95984, 3.400000, 3.400000, 3.400000, 3.400000, 3.400000, 3.400000, 3.400000, 3.400000, 3.400000, 3.400000, 3.400000, 3.400000, 3.400000, 3.400000, 3.400000, 3.400000, 3.400000, 3.400000, 3.400000, 3.400000, 3.400000, 3.400000, 3.400000, 3.400000, 3.400000, 3.400000, 3.400000, 3.400000, 3.400000, 3.400000, 3.400000, 3.400000, 3.400000, 3.400000, 3.400000, 3.400000, 
97234, 3.400000, 3.400000, 3.400000, 3.400000, 3.400000, 3.400000, 3.400000, 3.400000, 3.400000, 3.400000, 3.400000, 3.400000, 3.400000, 3.400000, 3.400000, 3.400000, 3.400000, 3.400000, 3.400000, 3.400000, 3.400000, 3.400000, 3.400000, 3.400000, 3.400000, 3.400000, 3.400000, 3.400000, 3.400000, 3.400000, 3.400000, 3.400000, 3.400000, 3.400000, 3.400000, 3.400000, 
98483, 3.400000, 3.400000, 3.400000, 3.400000, 3.400000, 3.400000, 3.400000, 3.400000, 3.400000, 3.400000, 3.400000, 3.400000, 3.400000, 3.400000, 3.400000, 3.400000, 3.400000, 3.400000, 3.400000, 3.400000, 3.400000, 3.400000, 3.400000, 3.400000, 3.400000, 3.400000, 3.400000, 3.400000, 3.400000, 3.400000, 3.400000, 3.400000, 3.400000, 3.400000, 3.400000, 3.400000, 
99733, 3.400000, 3.400000, 3.400000, 3.400000, 3.400000, 3.400000, 3.400000, 3.400000, 3.400000, 3.400000, 3.400000, 3.400000, 3.400000, 3.400000, 3.400000, 3.400000, 3.400000, 3.400000, 3.400000, 3.400000, 3.400000, 3.400000, 3.400000, 3.400000, 3.400000, 3.400000, 3.400000, 3.400000, 3.400000, 3.400000, 3.400000, 3.400000, 3.400000, 3.400000, 3.400000, 3.400000, 
100983, 3.400000, 3.400000, 3.400000, 3.400000, 3.400000, 3.400000, 3.400000, 3.400000, 3.400000, 3.400000, 3.400000, 3.400000, 3.400000, 3.400000, 3.400000, 3.400000, 3.400000, 3.400000, 3.400000, 3.400000, 3.400000, 3.400000, 3.400000, 3.400000, 3.400000, 3.400000, 3.400000, 3.400000, 3.400000, 3.400000, 3.400000, 3.400000, 3.400000, 3.400000, 3.400000, 3.400000, 
102233, 3.400000, 3.400000, 3.400000, 3.400000, 3.400000, 3.400000, 3.400000, 3.400000, 3.400000, 3.400000, 3.400000, 3.400000, 3.400000, 3.400000, 3.400000, 3.400000, 3.400000, 3.400000, 3.400000, 3.400000, 3.400000, 3.400000, 3.400000, 3.400000, 3.400000, 3.400000, 3.400000, 3.400000, 3.400000, 3.400000, 3.400000, 3.400000, 3.400000, 3.400000, 3.400000, 3.400000, 
103483, 3.400000, 3.400000, 3.400000, 3.400000, 3.400000, 3.400000, 3.400000, 3.400000, 3.400000, 3.400000, 3.400000, 3.400000, 3.400000, 3.400000, 3.400000, 3.400000, 3.400000, 3.400000, 3.400000, 3.400000, 3.400000, 3.400000, 3.400000, 3.400000, 3.400000, 3.400000, 3.400000, 3.400000, 3.400000, 3.400000, 3.400000, 3.400000, 3.400000, 3.400000, 3.400000, 3.400000, 
104733, 3.400000, 3.400000, 3.400000, 3.400000, 3.400000, 3.400000, 3.400000, 3.400000, 3.400000, 3.400000, 3.400000, 3.400000, 3.400000, 3.400000, 3.400000, 3.400000, 3.400000, 3.400000, 3.400000, 3.400000, 3.400000, 3.400000, 3.400000, 3.400000, 3.400000, 3.400000, 3.400000, 3.400000, 3.400000, 3.400000, 3.400000, 3.400000, 3.400000, 3.400000, 3.400000, 3.400000, 
105983, 3.400000, 3.400000, 3.400000, 3.400000, 3.400000, 3.400000, 3.400000, 3.400000, 3.400000, 3.400000, 3.400000, 3.400000, 3.400000, 3.400000, 3.400000, 3.400000, 3.400000, 3.400000, 3.400000, 3.400000, 3.400000, 3.400000, 3.400000, 3.400000, 3.400000, 3.400000, 3.400000, 3.400000, 3.400000, 3.400000, 3.400000, 3.400000, 3.400000, 3.400000, 3.400000, 3.400000, 
107233, 3.400000, 3.400000, 3.400000, 3.400000, 3.400000, 3.400000, 3.400000, 3.400000, 3.400000, 3.400000, 3.400000, 3.400000, 3.400000, 3.400000, 3.400000, 3.400000, 3.400000, 3.400000, 3.400000, 3.400000, 3.400000, 3.400000, 3.400000, 3.400000, 3.400000, 3.400000, 3.400000, 3.400000, 3.400000, 3.400000, 3.400000, 3.400000, 3.400000, 3.400000, 3.400000, 3.400000, 
108483, 3.400000, 3.400000, 3.400000, 3.400000, 3.400000, 3.400000, 3.400000, 3.400000, 3.400000, 3.400000, 3.400000, 3.400000, 3.400000, 3.400000, 3.400000, 3.400000, 3.400000, 3.400000, 3.400000, 3.400000, 3.400000, 3.400000, 3.400000, 3.400000, 3.400000, 3.400000, 3.400000, 3.400000, 3.400000, 3.400000, 3.400000, 3.400000, 3.400000, 3.400000, 3.400000, 3.400000, 
109733, 3.400000, 3.400000, 3.400000, 3.400000, 3.400000, 3.400000, 3.400000, 3.400000, 3.400000, 3.400000, 3.400000, 3.400000, 3.400000, 3.400000, 3.400000, 3.400000, 3.400000, 3.400000, 3.400000, 3.400000, 3.400000, 3.400000, 3.400000, 3.400000, 3.400000, 3.400000, 3.400000, 3.400000, 3.400000, 3.400000, 3.400000, 3.400000, 3.400000, 3.400000, 3.400000, 3.400000, 
110983, 3.400000, 3.400000, 3.400000, 3.400000, 3.400000, 3.400000, 3.400000, 3.400000, 3.400000, 3.400000, 3.400000, 3.400000, 3.400000, 3.400000, 3.400000, 3.400000, 3.400000, 3.400000, 3.400000, 3.400000, 3.400000, 3.400000, 3.400000, 3.400000, 3.400000, 3.400000, 3.400000, 3.400000, 3.400000, 3.400000, 3.400000, 3.400000, 3.400000, 3.400000, 3.400000, 3.400000, 
112233, 3.400000, 3.400000, 3.400000, 3.400000, 3.400000, 3.400000, 3.400000, 3.400000, 3.400000, 3.400000, 3.400000, 3.400000, 3.400000, 3.400000, 3.400000, 3.400000, 3.400000, 3.400000, 3.400000, 3.400000, 3.400000, 3.400000, 3.400000, 3.400000, 3.400000, 3.400000, 3.400000, 3.400000, 3.400000, 3.400000, 3.400000, 3.400000, 3.400000, 3.400000, 3.400000, 3.400000, 
113483, 3.400000, 3.400000, 3.400000, 3.400000, 3.400000, 3.400000, 3.400000, 3.400000, 3.400000, 3.400000, 3.400000, 3.400000, 3.400000, 3.400000, 3.400000, 3.400000, 3.400000, 3.400000, 3.400000, 3.400000, 3.400000, 3.400000, 3.400000, 3.400000, 3.400000, 3.400000, 3.400000, 3.400000, 3.400000, 3.400000, 3.400000, 3.400000, 3.400000, 3.400000, 3.400000, 3.400000, 
114733, 3.400000, 3.400000, 3.400000, 3.400000, 3.400000, 3.400000, 3.400000, 3.400000, 3.400000, 3.400000, 3.400000, 3.400000, 3.400000, 3.400000, 3.400000, 3.400000, 3.400000, 3.400000, 3.400000, 3.400000, 3.400000, 3.400000, 3.400000, 3.400000, 3.400000, 3.400000, 3.400000, 3.400000, 3.400000, 3.400000, 3.400000, 3.400000, 3.400000, 3.400000, 3.400000, 3.400000, 
115983, 3.400000, 3.400000, 3.400000, 3.400000, 3.400000, 3.400000, 3.400000, 3.400000, 3.400000, 3.400000, 3.400000, 3.400000, 3.400000, 3.400000, 3.400000, 3.400000, 3.400000, 3.400000, 3.400000, 3.400000, 3.400000, 3.400000, 3.400000, 3.400000, 3.400000, 3.400000, 3.400000, 3.400000, 3.400000, 3.400000, 3.400000, 3.400000, 3.400000, 3.400000, 3.400000, 3.400000, 
117233, 3.400000, 3.400000, 3.400000, 3.400000, 3.400000, 3.400000, 3.400000, 3.400000, 3.400000, 3.400000, 3.400000, 3.400000, 3.400000, 3.400000, 3.400000, 3.400000, 3.400000, 3.400000, 3.400000, 3.400000, 3.400000, 3.400000, 3.400000, 3.400000, 3.400000, 3.400000, 3.400000, 3.400000, 3.400000, 3.400000, 3.400000, 3.400000, 3.400000, 3.400000, 3.400000, 3.400000, 
118482, 3.400000, 3.400000, 3.400000, 3.400000, 3.400000, 3.400000, 3.400000, 3.400000, 3.400000, 3.400000, 3.400000, 3.400000, 3.400000, 3.400000, 3.400000, 3.400000, 3.400000, 3.400000, 3.400000, 3.400000, 3.400000, 3.400000, 3.400000, 3.400000, 3.400000, 3.400000, 3.400000, 3.400000, 3.400000, 3.400000, 3.400000, 3.400000, 3.400000, 3.400000, 3.400000, 3.400000, 
119733, 3.400000, 3.400000, 3.400000, 3.400000, 3.400000, 3.400000, 3.400000, 3.400000, 3.400000, 3.400000, 3.400000, 3.400000, 3.400000, 3.400000, 3.400000, 3.400000, 3.400000, 3.400000, 3.400000, 3.400000, 3.400000, 3.400000, 3.400000, 3.400000, 3.400000, 3.400000, 3.400000, 3.400000, 3.400000, 3.400000, 3.400000, 3.400000, 3.400000, 3.400000, 3.400000, 3.400000, 
120981, 3.400000, 3.400000, 3.400000, 3.400000, 3.400000, 3.400000, 3.400000, 3.400000, 3.400000, 3.400000, 3.400000, 3.400000, 3.400000, 3.400000, 3.400000, 3.400000, 3.400000, 3.400000, 3.400000, 3.400000, 3.400000, 3.400000, 3.400000, 3.400000, 3.400000, 3.400000, 3.400000, 3.400000, 3.400000, 3.400000, 3.400000, 3.400000, 3.400000, 3.400000, 3.400000, 3.400000, 
122231, 3.400000, 3.400000, 3.400000, 3.400000, 3.400000, 3.400000, 3.400000, 3.400000, 3.400000, 3.400000, 3.400000, 3.400000, 3.400000, 3.400000, 3.400000, 3.400000, 3.400000, 3.400000, 3.400000, 3.400000, 3.400000, 3.400000, 3.400000, 3.400000, 3.400000, 3.400000, 3.400000, 3.400000, 3.400000, 3.400000, 3.400000, 3.400000, 3.400000, 3.400000, 3.400000, 3.400000, 
123481, 3.400000, 3.400000, 3.400000, 3.400000, 3.400000, 3.400000, 3.400000, 3.400000, 3.400000, 3.400000, 3.400000, 3.400000, 3.400000, 3.400000, 3.400000, 3.400000, 3.400000, 3.400000, 3.400000, 3.400000, 3.400000, 3.400000, 3.400000, 3.400000, 3.400000, 3.400000, 3.400000, 3.400000, 3.400000, 3.400000, 3.400000, 3.400000, 3.400000, 3.400000, 3.400000, 3.400000, 
124731, 3.400000, 3.400000, 3.400000, 3.400000, 3.400000, 3.400000, 3.400000, 3.400000, 3.400000, 3.400000, 3.400000, 3.400000, 3.400000, 3.400000, 3.400000, 3.400000, 3.400000, 3.400000, 3.400000, 3.400000, 3.400000, 3.400000, 3.400000, 3.400000, 3.400000, 3.400000, 3.400000, 3.400000, 3.400000, 3.400000, 3.400000, 3.400000, 3.400000, 3.400000, 3.400000, 3.400000, 
125980, 3.400000, 3.400000, 3.400000, 3.400000, 3.400000, 3.400000, 3.400000, 3.400000, 3.400000, 3.400000, 3.400000, 3.400000, 3.400000, 3.400000, 3.400000, 3.400000, 3.400000, 3.400000, 3.400000, 3.400000, 3.400000, 3.400000, 3.400000, 3.400000, 3.400000, 3.400000, 3.400000, 3.400000, 3.400000, 3.400000, 3.400000, 3.400000, 3.400000, 3.400000, 3.400000, 3.400000, 
127231, 3.400000, 3.400000, 3.400000, 3.400000, 3.400000, 3.400000, 3.400000, 3.400000, 3.400000, 3.400000, 3.400000, 3.400000, 3.400000, 3.400000, 3.400000, 3.400000, 3.400000, 3.400000, 3.400000, 3.400000, 3.400000, 3.400000, 3.400000, 3.400000, 3.400000, 3.400000, 3.400000, 3.400000, 3.400000, 3.400000, 3.400000, 3.400000, 3.400000, 3.400000, 3.400000, 3.400000, 
128481, 3.400000, 3.400000, 3.400000, 3.400000, 3.400000, 3.400000, 3.400000, 3.400000, 3.400000, 3.400000, 3.400000, 3.400000, 3.400000, 3.400000, 3.400000, 3.400000, 3.400000, 3.400000, 3.400000, 3.400000, 3.400000, 3.400000, 3.400000, 3.400000, 3.400000, 3.400000, 3.400000, 3.400000, 3.400000, 3.400000, 3.400000, 3.400000, 3.400000, 3.400000, 3.400000, 3.400000, 
129731, 3.400000, 3.400000, 3.400000, 3.400000, 3.400000, 3.400000, 3.400000, 3.400000, 3.400000, 3.400000, 3.400000, 3.400000, 3.400000, 3.400000, 3.400000, 3.400000, 3.400000, 3.400000, 3.400000, 3.400000, 3.400000, 3.400000, 3.400000, 3.400000, 3.400000, 3.400000, 3.400000, 3.400000, 3.400000, 3.400000, 3.400000, 3.400000, 3.400000, 3.400000, 3.400000, 3.400000, 
130980, 3.400000, 3.400000, 3.400000, 3.400000, 3.400000, 3.400000, 3.400000, 3.400000, 3.400000, 3.400000, 3.400000, 3.400000, 3.400000, 3.400000, 3.400000, 3.400000, 3.400000, 3.400000, 3.400000, 3.400000, 3.400000, 3.400000, 3.400000, 3.400000, 3.400000, 3.400000, 3.400000, 3.400000, 3.400000, 3.400000, 3.400000, 3.400000, 3.400000, 3.400000, 3.400000, 3.400000, 
132231, 3.400000, 3.400000, 3.400000, 3.400000, 3.400000, 3.400000, 3.400000, 3.400000, 3.400000, 3.400000, 3.400000, 3.400000, 3.400000, 3.400000, 3.400000, 3.400000, 3.400000, 3.400000, 3.400000, 3.400000, 3.400000, 3.400000, 3.400000, 3.400000, 3.400000, 3.400000, 3.400000, 3.400000, 3.400000, 3.400000, 3.400000, 3.400000, 3.400000, 3.400000, 3.400000, 3.400000, 
133481, 3.400000, 3.400000, 3.400000, 3.400000, 3.400000, 3.400000, 3.400000, 3.400000, 3.400000, 3.400000, 3.400000, 3.400000, 3.400000, 3.400000, 3.400000, 3.400000, 3.400000, 3.400000, 3.400000, 3.400000, 3.400000, 3.400000, 3.400000, 3.400000, 3.400000, 3.400000, 3.400000, 3.400000, 3.400000, 3.400000, 3.400000, 3.400000, 3.400000, 3.400000, 3.400000, 3.400000, 
134731, 3.400000, 3.400000, 3.400000, 3.400000, 3.400000, 3.400000, 3.400000, 3.400000, 3.400000, 3.400000, 3.400000, 3.400000, 3.400000, 3.400000, 3.400000, 3.400000, 3.400000, 3.400000, 3.400000, 3.400000, 3.400000, 3.400000, 3.400000, 3.400000, 3.400000, 3.400000, 3.400000, 3.400000, 3.400000, 3.400000, 3.400000, 3.400000, 3.400000, 3.400000, 3.400000, 3.400000, 
135981, 3.400000, 3.400000, 3.400000, 3.400000, 3.400000, 3.400000, 3.400000, 3.400000, 3.400000, 3.400000, 3.400000, 3.400000, 3.400000, 3.400000, 3.400000, 3.400000, 3.400000, 3.400000, 3.400000, 3.400000, 3.400000, 3.400000, 3.400000, 3.400000, 3.400000, 3.400000, 3.400000, 3.400000, 3.400000, 3.400000, 3.400000, 3.400000, 3.400000, 3.400000, 3.400000, 3.400000, 
137231, 3.400000, 3.400000, 3.400000, 3.400000, 3.400000, 3.400000, 3.400000, 3.400000, 3.400000, 3.400000, 3.400000, 3.400000, 3.400000, 3.400000, 3.400000, 3.400000, 3.400000, 3.400000, 3.400000, 3.400000, 3.400000, 3.400000, 3.400000, 3.400000, 3.400000, 3.400000, 3.400000, 3.400000, 3.400000, 3.400000, 3.400000, 3.400000, 3.400000, 3.400000, 3.400000, 3.400000, 
138481, 3.400000, 3.400000, 3.400000, 3.400000, 3.400000, 3.400000, 3.400000, 3.400000, 3.400000, 3.400000, 3.400000, 3.400000, 3.400000, 3.400000, 3.400000, 3.400000, 3.400000, 3.400000, 3.400000, 3.400000, 3.400000, 3.400000, 3.400000, 3.400000, 3.400000, 3.400000, 3.400000, 3.400000, 3.400000, 3.400000, 3.400000, 3.400000, 3.400000, 3.400000, 3.400000, 3.400000, 
139730, 3.400000, 3.400000, 3.400000, 3.400000, 3.400000, 3.400000, 3.400000, 3.400000, 3.400000, 3.400000, 3.400000, 3.400000, 3.400000, 3.400000, 3.400000, 3.400000, 3.400000, 3.400000, 3.400000, 3.400000, 3.400000, 3.400000, 3.400000, 3.400000, 3.400000, 3.400000, 3.400000, 3.400000, 3.400000, 3.400000, 3.400000, 3.400000, 3.400000, 3.400000, 3.400000, 3.400000, 
140981, 3.400000, 3.400000, 3.400000, 3.400000, 3.400000, 3.400000, 3.400000, 3.400000, 3.400000, 3.400000, 3.400000, 3.400000, 3.400000, 3.400000, 3.400000, 3.400000, 3.400000, 3.400000, 3.400000, 3.400000, 3.400000, 3.400000, 3.400000, 3.400000, 3.400000, 3.400000, 3.400000, 3.400000, 3.400000, 3.400000, 3.400000, 3.400000, 3.400000, 3.400000, 3.400000, 3.400000, 
142231, 3.400000, 3.400000, 3.400000, 3.400000, 3.400000, 3.400000, 3.400000, 3.400000, 3.400000, 3.400000, 3.400000, 3.400000, 3.400000, 3.400000, 3.400000, 3.400000, 3.400000, 3.400000, 3.400000, 3.400000, 3.400000, 3.400000, 3.400000, 3.400000, 3.400000, 3.400000, 3.400000, 3.400000, 3.400000, 3.400000, 3.400000, 3.400000, 3.400000, 3.400000, 3.400000, 3.400000, 
143481, 3.400000, 3.400000, 3.400000, 3.400000, 3.400000, 3.400000, 3.400000, 3.400000, 3.400000, 3.400000, 3.400000, 3.400000, 3.400000, 3.400000, 3.400000, 3.400000, 3.400000, 3.400000, 3.400000, 3.400000, 3.400000, 3.400000, 3.400000, 3.400000, 3.400000, 3.400000, 3.400000, 3.400000, 3.400000, 3.400000, 3.400000, 3.400000, 3.400000, 3.400000, 3.400000, 3.400000, 
144730, 3.400000, 3.400000, 3.400000, 3.400000, 3.400000, 3.400000, 3.400000, 3.400000, 3.400000, 3.400000, 3.400000, 3.400000, 3.400000, 3.400000, 3.400000, 3.400000, 3.400000, 3.400000, 3.400000, 3.400000, 3.400000, 3.400000, 3.400000, 3.400000, 3.400000, 3.400000, 3.400000, 3.400000, 3.400000, 3.400000, 3.400000, 3.400000, 3.400000, 3.400000, 3.400000, 3.400000, 
145981, 3.400000, 3.400000, 3.400000, 3.400000, 3.400000, 3.400000, 3.400000, 3.400000, 3.400000, 3.400000, 3.400000, 3.400000, 3.400000, 3.400000, 3.400000, 3.400000, 3.400000, 3.400000, 3.400000, 3.400000, 3.400000, 3.400000, 3.400000, 3.400000, 3.400000, 3.400000, 3.400000, 3.400000, 3.400000, 3.400000, 3.400000, 3.400000, 3.400000, 3.400000, 3.400000, 3.400000, 
147231, 3.400000, 3.400000, 3.400000, 3.400000, 3.400000, 3.400000, 3.400000, 3.400000, 3.400000, 3.400000, 3.400000, 3.400000, 3.400000, 3.400000, 3.400000, 3.400000, 3.400000, 3.400000, 3.400000, 3.400000, 3.400000, 3.400000, 3.400000, 3.400000, 3.400000, 3.400000, 3.400000, 3.400000, 3.400000, 3.400000, 3.400000, 3.400000, 3.400000, 3.400000, 3.400000, 3.400000, 
148481, 3.400000, 3.400000, 3.400000, 3.400000, 3.400000, 3.400000, 3.400000, 3.400000, 3.400000, 3.400000, 3.400000, 3.400000, 3.400000, 3.400000, 3.400000, 3.400000, 3.400000, 3.400000, 3.400000, 3.400000, 3.400000, 3.400000, 3.400000, 3.400000, 3.400000, 3.400000, 3.400000, 3.400000, 3.400000, 3.400000, 3.400000, 3.400000, 3.400000, 3.400000, 3.400000, 3.400000, 
149731, 3.400000, 3.400000, 3.400000, 3.400000, 3.400000, 3.400000, 3.400000, 3.400000, 3.400000, 3.400000, 3.400000, 3.400000, 3.400000, 3.400000, 3.400000, 3.400000, 3.400000, 3.400000, 3.400000, 3.400000, 3.400000, 3.400000, 3.400000, 3.400000, 3.400000, 3.400000, 3.400000, 3.400000, 3.400000, 3.400000, 3.400000, 3.400000, 3.400000, 3.400000, 3.400000, 3.400000, 
