5988, 22.848999, 22.848999, 22.848999, 22.848999, 22.848999, 22.848999, 22.848999, 22.848999, 22.848999, 22.848999, 22.848999, 22.848999, 22.848999, 22.848999, 22.848999, 22.848999, 22.848999, 22.848999, 22.848999, 22.848999, 22.848999, 22.848999, 22.848999, 22.848999, 22.848999, 22.848999, 22.848999, 22.848999, 22.848999, 22.848999, 22.848999, 22.848999, 22.848999, 22.848999, 22.848999, 22.848999, 
7238, 21.991180, 21.991180, 21.991180, 21.991180, 21.991180, 21.991180, 21.991180, 21.991180, 21.991180, 21.991180, 21.991180, 21.991180, 21.991180, 21.991180, 21.991180, 21.991180, 21.991180, 21.991180, 21.991180, 21.991180, 21.991180, 21.991180, 21.991180, 21.991180, 21.991180, 21.991180, 21.991180, 21.991180, 21.991180, 21.991180, 21.991180, 21.991180, 21.991180, 21.991180, 21.991180, 21.991180, 
8488, 21.061157, 21.061157, 21.061157, 21.061157, 21.061157, 21.061157, 21.061157, 21.061157, 21.061157, 21.061157, 21.061157, 21.061157, 21.061157, 21.061157, 21.061157, 21.061157, 21.061157, 21.061157, 21.061157, 21.061157, 21.061157, 21.061157, 21.061157, 21.061157, 21.061157, 21.061157, 21.061157, 21.061157, 21.061157, 21.061157, 21.061157, 21.061157, 21.061157, 21.061157, 21.061157, 21.061157, 
9738, 20.078064, 20.078064, 20.078064, 20.078064, 20.078064, 20.078064, 20.078064, 20.078064, 20.078064, 20.078064, 20.078064, 20.078064, 20.078064, 20.078064, 20.078064, 20.078064, 20.078064, 20.078064, 20.078064, 20.078064, 20.078064, 20.078064, 20.078064, 20.078064, 20.078064, 20.078064, 20.078064, 20.078064, 20.078064, 20.078064, 20.078064, 20.078064, 20.078064, 20.078064, 20.078064, 20.078064, 
10988, 19.054932, 19.054932, 19.054932, 19.054932, 19.054932, 19.054932, 19.054932, 19.054932, 19.054932, 19.054932, 19.054932, 19.054932, 19.054932, 19.054932, 19.054932, 19.054932, 19.054932, 19.054932, 19.054932, 19.054932, 19.054932, 19.054932, 19.054932, 19.054932, 19.054932, 19.054932, 19.054932, 19.054932, 19.054932, 19.054932, 19.054932, 19.054932, 19.054932, 19.054932, 19.054932, 19.054932, 
12237, 18.002991, 18.002991, 18.002991, 18.002991, 18.002991, 18.002991, 18.002991, 18.002991, 18.002991, 18.002991, 18.002991, 18.002991, 18.002991, 18.002991, 18.002991, 18.002991, 18.002991, 18.002991, 18.002991, 18.002991, 18.002991, 18.002991, 18.002991, 18.002991, 18.002991, 18.002991, 18.002991, 18.002991, 18.002991, 18.002991, 18.002991, 18.002991, 18.002991, 18.002991, 18.002991, 18.002991, 
13488, 16.929657, 16.929657, 16.929657, 16.929657, 16.929657, 16.929657, 16.929657, 16.929657, 16.929657, 16.929657, 16.929657, 16.929657, 16.929657, 16.929657, 16.929657, 16.929657, 16.929657, 16.929657, 16.929657, 16.929657, 16.929657, 16.929657, 16.929657, 16.929657, 16.929657, 16.929657, 16.929657, 16.929657, 16.929657, 16.929657, 16.929657, 16.929657, 16.929657, 16.929657, 16.929657, 16.929657, 
14738, 15.841064, 15.841064, 15.841064, 15.841064, 15.841064, 15.841064, 15.841064, 15.841064, 15.841064, 15.841064, 15.841064, 15.841064, 15.841064, 15.841064, 15.841064, 15.841064, 15.841064, 15.841064, 15.841064, 15.841064, 15.841064, 15.841064, 15.841064, 15.841064, 15.841064, 15.841064, 15.841064, 15.841064, 15.841064, 15.841064, 15.841064, 15.841064, 15.841064, 15.841064, 15.841064, 15.841064, 
15988, 14.742493, 14.742493, 14.742493, 14.742493, 14.742493, 14.742493, 14.742493, 14.742493, 14.742493, 14.742493, 14.742493, 14.742493, 14.742493, 14.742493, 14.742493, 14.742493, 14.742493, 14.742493, 14.742493, 14.742493, 14.742493, 14.742493, 14.742493, 14.742493, 14.742493, 14.742493, 14.742493, 14.742493, 14.742493, 14.742493, 14.742493, 14.742493, 14.742493, 14.742493, 14.742493, 14.742493, 
17238, 13.636566, 13.636566, 13.636566, 13.636566, 13.636566, 13.636566, 13.636566, 13.636566, 13.636566, 13.636566, 13.636566, 13.636566, 13.636566, 13.636566, 13.636566, 13.636566, 13.636566, 13.636566, 13.636566, 13.636566, 13.636566, 13.636566, 13.636566, 13.636566, 13.636566, 13.636566, 13.636566, 13.636566, 13.636566, 13.636566, 13.636566, 13.636566, 13.636566, 13.636566, 13.636566, 13.636566, 
18488, 12.526703, 12.526703, 12.526703, 12.526703, 12.526703, 12.526703, 12.526703, 12.526703, 12.526703, 12.526703, 12.526703, 12.526703, 12.526703, 12.526703, 12.526703, 12.526703, 12.526703, 12.526703, 12.526703, 12.526703, 12.526703, 12.526703, 12.526703, 12.526703, 12.526703, 12.526703, 12.526703, 12.526703, 12.526703, 12.526703, 12.526703, 12.526703, 12.526703, 12.526703, 12.526703, 12.526703, 
19738, 11.414856, 11.414856, 11.414856, 11.414856, 11.414856, 11.414856, 11.414856, 11.414856, 11.414856, 11.414856, 11.414856, 11.414856, 11.414856, 11.414856, 11.414856, 11.414856, 11.414856, 11.414856, 11.414856, 11.414856, 11.414856, 11.414856, 11.414856, 11.414856, 11.414856, 11.414856, 11.414856, 11.414856, 11.414856, 11.414856, 11.414856, 11.414856, 11.414856, 11.414856, 11.414856, 11.414856, 
20987, 10.303345, 10.303345, 10.303345, 10.303345, 10.303345, 10.303345, 10.303345, 10.303345, 10.303345, 10.303345, 10.303345, 10.303345, 10.303345, 10.303345, 10.303345, 10.303345, 10.303345, 10.303345, 10.303345, 10.303345, 10.303345, 10.303345, 10.303345, 10.303345, 10.303345, 10.303345, 10.303345, 10.303345, 10.303345, 10.303345, 10.303345, 10.303345, 10.303345, 10.303345, 10.303345, 10.303345, 
22237, 9.191010, 9.191010, 9.191010, 9.191010, 9.191010, 9.191010, 9.191010, 9.191010, 9.191010, 9.191010, 9.191010, 9.191010, 9.191010, 9.191010, 9.191010, 9.191010, 9.191010, 9.191010, 9.191010, 9.191010, 9.191010, 9.191010, 9.191010, 9.191010, 9.191010, 9.191010, 9.191010, 9.191010, 9.191010, 9.191010, 9.191010, 9.191010, 9.191010, 9.191010, 9.191010, 9.191010, 
23487, 8.081085, 8.081085, 8.081085, 8.081085, 8.081085, 8.081085, 8.081085, 8.081085, 8.081085, 8.081085, 8.081085, 8.081085, 8.081085, 8.081085, 8.081085, 8.081085, 8.081085, 8.081085, 8.081085, 8.081085, 8.081085, 8.081085, 8.081085, 8.081085, 8.081085, 8.081085, 8.081085, 8.081085, 8.081085, 8.081085, 8.081085, 8.081085, 8.081085, 8.081085, 8.081085, 8.081085, 
24737, 6.972809, 6.972809, 6.972809, 6.972809, 6.972809, 6.972809, 6.972809, 6.972809, 6.972809, 6.972809, 6.972809, 6.972809, 6.972809, 6.972809, 6.972809, 6.972809, 6.972809, 6.972809, 6.972809, 6.972809, 6.972809, 6.972809, 6.972809, 6.972809, 6.972809, 6.972809, 6.972809, 6.972809, 6.972809, 6.972809, 6.972809, 6.972809, 6.972809, 6.972809, 6.972809, 6.972809, 
25987, 5.867279, 5.867279, 5.867279, 5.867279, 5.867279, 5.867279, 5.867279, 5.867279, 5.867279, 5.867279, 5.867279, 5.867279, 5.867279, 5.867279, 5.867279, 5.867279, 5.867279, 5.867279, 5.867279, 5.867279, 5.867279, 5.867279, 5.867279, 5.867279, 5.867279, 5.867279, 5.867279, 5.867279, 5.867279, 5.867279, 5.867279, 5.867279, 5.867279, 5.867279, 5.867279, 5.867279, 
27237, 4.764496, 4.764496, 4.764496, 4.764496, 4.764496, 4.764496, 4.764496, 4.764496, 4.764496, 4.764496, 4.764496, 4.764496, 4.764496, 4.764496, 4.764496, 4.764496, 4.764496, 4.764496, 4.764496, 4.764496, 4.764496, 4.764496, 4.764496, 4.764496, 4.764496, 4.764496, 4.764496, 4.764496, 4.764496, 4.764496, 4.764496, 4.764496, 4.764496, 4.764496, 4.764496, 4.764496, 
28487, 3.665588, 3.665588, 3.665588, 3.665588, 3.665588, 3.665588, 3.665588, 3.665588, 3.665588, 3.665588, 3.665588, 3.665588, 3.665588, 3.665588, 3.665588, 3.665588, 3.665588, 3.665588, 3.665588, 3.665588, 3.665588, 3.665588, 3.665588, 3.665588, 3.665588, 3.665588, 3.665588, 3.665588, 3.665588, 3.665588, 3.665588, 3.665588, 3.665588, 3.665588, 3.665588, 3.665588, 
29737, 2.570160, 2.570160, 2.570160, 2.570160, 2.570160, 2.570160, 2.570160, 2.570160, 2.570160, 2.570160, 2.570160, 2.570160, 2.570160, 2.570160, 2.570160, 2.570160, 2.570160, 2.570160, 2.570160, 2.570160, 2.570160, 2.570160, 2.570160, 2.570160, 2.570160, 2.570160, 2.570160, 2.570160, 2.570160, 2.570160, 2.570160, 2.570160, 2.570160, 2.570160, 2.570160, 2.570160, 
30987, 1.478119, 1.478119, 1.478119, 1.478119, 1.478119, 1.478119, 1.478119, 1.478119, 1.478119, 1.478119, 1.478119, 1.478119, 1.478119, 1.478119, 1.478119, 1.478119, 1.478119, 1.478119, 1.478119, 1.478119, 1.478119, 1.478119, 1.478119, 1.478119, 1.478119, 1.478119, 1.478119, 1.478119, 1.478119, 1.478119, 1.478119, 1.478119, 1.478119, 1.478119, 1.478119, 1.478119, 
32237, 0.390350, 0.390350, 0.390350, 0.390350, 0.390350, 0.390350, 0.390350, 0.390350, 0.390350, 0.390350, 0.390350, 0.390350, 0.390350, 0.390350, 0.390350, 0.390350, 0.390350, 0.390350, 0.390350, 0.390350, 0.390350, 0.390350, 0.390350, 0.390350, 0.390350, 0.390350, 0.390350, 0.390350, 0.390350, 0.390350, 0.390350, 0.390350, 0.390350, 0.390350, 0.390350, 0.390350, 
33486, -0.693268, -0.693268, -0.693268, -0.693268, -0.693268, -0.693268, -0.693268, -0.693268, -0.693268, -0.693268, -0.693268, -0.693268, -0.693268, -0.693268, -0.693268, -0.693268, -0.693268, -0.693268, -0.693268, -0.693268, -0.693268, -0.693268, -0.693268, -0.693268, -0.693268, -0.693268, -0.693268, -0.693268, -0.693268, -0.693268, -0.693268, -0.693268, -0.693268, -0.693268, -0.693268, -0.693268, 
34737, -1.772827, -1.772827, -1.772827, -1.772827, -1.772827, -1.772827, -1.772827, -1.772827, -1.772827, -1.772827, -1.772827, -1.772827, -1.772827, -1.772827, -1.772827, -1.772827, -1.772827, -1.772827, -1.772827, -1.772827, -1.772827, -1.772827, -1.772827, -1.772827, -1.772827, -1.772827, -1.772827, -1.772827, -1.772827, -1.772827, -1.772827, -1.772827, -1.772827, -1.772827, -1.772827, -1.772827, 
35987, -2.848663, -2.848663, -2.848663, -2.848663, -2.848663, -2.848663, -2.848663, -2.848663, -2.848663, -2.848663, -2.848663, -2.848663, -2.848663, -2.848663, -2.848663, -2.848663, -2.848663, -2.848663, -2.848663, -2.848663, -2.848663, -2.848663, -2.848663, -2.848663, -2.848663, -2.848663, -2.848663, -2.848663, -2.848663, -2.848663, -2.848663, -2.848663, -2.848663, -2.848663, -2.848663, -2.848663, 
37237, -3.920197, -3.920197, -3.920197, -3.920197, -3.920197, -3.920197, -3.920197, -3.920197, -3.920197, -3.920197, -3.920197, -3.920197, -3.920197, -3.920197, -3.920197, -3.920197, -3.920197, -3.920197, -3.920197, -3.920197, -3.920197, -3.920197, -3.920197, -3.920197, -3.920197, -3.920197, -3.920197, -3.920197, -3.920197, -3.920197, -3.920197, -3.920197, -3.920197, -3.920197, -3.920197, -3.920197, 
38486, -4.987396, -4.987396, -4.987396, -4.987396, -4.987396, -4.987396, -4.987396, -4.987396, -4.987396, -4.987396, -4.987396, -4.987396, -4.987396, -4.987396, -4.987396, -4.987396, -4.987396, -4.987396, -4.987396, -4.987396, -4.987396, -4.987396, -4.987396, -4.987396, -4.987396, -4.987396, -4.987396, -4.987396, -4.987396, -4.987396, -4.987396, -4.987396, -4.987396, -4.987396, -4.987396, -4.987396, 
39737, -6.051025, -6.051025, -6.051025, -6.051025, -6.051025, -6.051025, -6.051025, -6.051025, -6.051025, -6.051025, -6.051025, -6.051025, -6.051025, -6.051025, -6.051025, -6.051025, -6.051025, -6.051025, -6.051025, -6.051025, -6.051025, -6.051025, -6.051025, -6.051025, -6.051025, -6.051025, -6.051025, -6.051025, -6.051025, -6.051025, -6.051025, -6.051025, -6.051025, -6.051025, -6.051025, -6.051025, 
40987, -7.110107, -7.110107, -7.110107, -7.110107, -7.110107, -7.110107, -7.110107, -7.110107, -7.110107, -7.110107, -7.110107, -7.110107, -7.110107, -7.110107, -7.110107, -7.110107, -7.110107, -7.110107, -7.110107, -7.110107, -7.110107, -7.110107, -7.110107, -7.110107, -7.110107, -7.110107, -7.110107, -7.110107, -7.110107, -7.110107, -7.110107, -7.110107, -7.110107, -7.110107, -7.110107, -7.110107, 
42236, -8.164703, -8.164703, -8.164703, -8.164703, -8.164703, -8.164703, -8.164703, -8.164703, -8.164703, -8.164703, -8.164703, -8.164703, -8.164703, -8.164703, -8.164703, -8.164703, -8.164703, -8.164703, -8.164703, -8.164703, -8.164703, -8.164703, -8.164703, -8.164703, -8.164703, -8.164703, -8.164703, -8.164703, -8.164703, -8.164703, -8.164703, -8.164703, -8.164703, -8.164703, -8.164703, -8.164703, 
43484, -9.214355, -9.214355, -9.214355, -9.214355, -9.214355, -9.214355, -9.214355, -9.214355, -9.214355, -9.214355, -9.214355, -9.214355, -9.214355, -9.214355, -9.214355, -9.214355, -9.214355, -9.214355, -9.214355, -9.214355, -9.214355, -9.214355, -9.214355, -9.214355, -9.214355, -9.214355, -9.214355, -9.214355, -9.214355, -9.214355, -9.214355, -9.214355, -9.214355, -9.214355, -9.214355, -9.214355, 
44734, -10.259308, -10.259308, -10.259308, -10.259308, -10.259308, -10.259308, -10.259308, -10.259308, -10.259308, -10.259308, -10.259308, -10.259308, -10.259308, -10.259308, -10.259308, -10.259308, -10.259308, -10.259308, -10.259308, -10.259308, -10.259308, -10.259308, -10.259308, -10.259308, -10.259308, -10.259308, -10.259308, -10.259308, -10.259308, -10.259308, -10.259308, -10.259308, -10.259308, -10.259308, -10.259308, -10.259308, 
45984, -11.302521, -11.302521, -11.302521, -11.302521, -11.302521, -11.302521, -11.302521, -11.302521, -11.302521, -11.302521, -11.302521, -11.302521, -11.302521, -11.302521, -11.302521, -11.302521, -11.302521, -11.302521, -11.302521, -11.302521, -11.302521, -11.302521, -11.302521, -11.302521, -11.302521, -11.302521, -11.302521, -11.302521, -11.302521, -11.302521, -11.302521, -11.302521, -11.302521, -11.302521, -11.302521, -11.302521, 
47234, -12.340607, -12.340607, -12.340607, -12.340607, -12.340607, -12.340607, -12.340607, -12.340607, -12.340607, -12.340607, -12.340607, -12.340607, -12.340607, -12.340607, -12.340607, -12.340607, -12.340607, -12.340607, -12.340607, -12.340607, -12.340607, -12.340607, -12.340607, -12.340607, -12.340607, -12.340607, -12.340607, -12.340607, -12.340607, -12.340607, -12.340607, -12.340607, -12.340607, -12.340607, -12.340607, -12.340607, 
48484, -13.375305, -13.375305, -13.375305, -13.375305, -13.375305, -13.375305, -13.375305, -13.375305, -13.375305, -13.375305, -13.375305, -13.375305, -13.375305, -13.375305, -13.375305, -13.375305, -13.375305, -13.375305, -13.375305, -13.375305, -13.375305, -13.375305, -13.375305, -13.375305, -13.375305, -13.375305, -13.375305, -13.375305, -13.375305, -13.375305, -13.375305, -13.375305, -13.375305, -13.375305, -13.375305, -13.375305, 
49734, -14.405182, -14.405182, -14.405182, -14.405182, -14.405182, -14.405182, -14.405182, -14.405182, -14.405182, -14.405182, -14.405182, -14.405182, -14.405182, -14.405182, -14.405182, -14.405182, -14.405182, -14.405182, -14.405182, -14.405182, -14.405182, -14.405182, -14.405182, -14.405182, -14.405182, -14.405182, -14.405182, -14.405182, -14.405182, -14.405182, -14.405182, -14.405182, -14.405182, -14.405182, -14.405182, -14.405182, 
50984, -15.431671, -15.431671, -15.431671, -15.431671, -15.431671, -15.431671, -15.431671, -15.431671, -15.431671, -15.431671, -15.431671, -15.431671, -15.431671, -15.431671, -15.431671, -15.431671, -15.431671, -15.431671, -15.431671, -15.431671, -15.431671, -15.431671, -15.431671, -15.431671, -15.431671, -15.431671, -15.431671, -15.431671, -15.431671, -15.431671, -15.431671, -15.431671, -15.431671, -15.431671, -15.431671, -15.431671, 
52234, -16.453552, -16.453552, -16.453552, -16.453552, -16.453552, -16.453552, -16.453552, -16.453552, -16.453552, -16.453552, -16.453552, -16.453552, -16.453552, -16.453552, -16.453552, -16.453552, -16.453552, -16.453552, -16.453552, -16.453552, -16.453552, -16.453552, -16.453552, -16.453552, -16.453552, -16.453552, -16.453552, -16.453552, -16.453552, -16.453552, -16.453552, -16.453552, -16.453552, -16.453552, -16.453552, -16.453552, 
53484, -17.471771, -17.471771, -17.471771, -17.471771, -17.471771, -17.471771, -17.471771, -17.471771, -17.471771, -17.471771, -17.471771, -17.471771, -17.471771, -17.471771, -17.471771, -17.471771, -17.471771, -17.471771, -17.471771, -17.471771, -17.471771, -17.471771, -17.471771, -17.471771, -17.471771, -17.471771, -17.471771, -17.471771, -17.471771, -17.471771, -17.471771, -17.471771, -17.471771, -17.471771, -17.471771, -17.471771, 
54734, -18.485611, -18.485611, -18.485611, -18.485611, -18.485611, -18.485611, -18.485611, -18.485611, -18.485611, -18.485611, -18.485611, -18.485611, -18.485611, -18.485611, -18.485611, -18.485611, -18.485611, -18.485611, -18.485611, -18.485611, -18.485611, -18.485611, -18.485611, -18.485611, -18.485611, -18.485611, -18.485611, -18.485611, -18.485611, -18.485611, -18.485611, -18.485611, -18.485611, -18.485611, -18.485611, -18.485611, 
55984, -19.495773, -19.495773, -19.495773, -19.495773, -19.495773, -19.495773, -19.495773, -19.495773, -19.495773, -19.495773, -19.495773, -19.495773, -19.495773, -19.495773, -19.495773, -19.495773, -19.495773, -19.495773, -19.495773, -19.495773, -19.495773, -19.495773, -19.495773, -19.495773, -19.495773, -19.495773, -19.495773, -19.495773, -19.495773, -19.495773, -19.495773, -19.495773, -19.495773, -19.495773, -19.495773, -19.495773, 
57234, -20.501587, -20.501587, -20.501587, -20.501587, -20.501587, -20.501587, -20.501587, -20.501587, -20.501587, -20.501587, -20.501587, -20.501587, -20.501587, -20.501587, -20.501587, -20.501587, -20.501587, -20.501587, -20.501587, -20.501587, -20.501587, -20.501587, -20.501587, -20.501587, -20.501587, -20.501587, -20.501587, -20.501587, -20.501587, -20.501587, -20.501587, -20.501587, -20.501587, -20.501587, -20.501587, -20.501587, 
58483, -21.503555, -21.503555, -21.503555, -21.503555, -21.503555, -21.503555, -21.503555, -21.503555, -21.503555, -21.503555, -21.503555, -21.503555, -21.503555, -21.503555, -21.503555, -21.503555, -21.503555, -21.503555, -21.503555, -21.503555, -21.503555, -21.503555, -21.503555, -21.503555, -21.503555, -21.503555, -21.503555, -21.503555, -21.503555, -21.503555, -21.503555, -21.503555, -21.503555, -21.503555, -21.503555, -21.503555, 
59733, -22.501404, -22.501404, -22.501404, -22.501404, -22.501404, -22.501404, -22.501404, -22.501404, -22.501404, -22.501404, -22.501404, -22.501404, -22.501404, -22.501404, -22.501404, -22.501404, -22.501404, -22.501404, -22.501404, -22.501404, -22.501404, -22.501404, -22.501404, -22.501404, -22.501404, -22.501404, -22.501404, -22.501404, -22.501404, -22.501404, -22.501404, -22.501404, -22.501404, -22.501404, -22.501404, -22.501404, 
60984, -23.495621, -23.495621, -23.495621, -23.495621, -23.495621, -23.495621, -23.495621, -23.495621, -23.495621, -23.495621, -23.495621, -23.495621, -23.495621, -23.495621, -23.495621, -23.495621, -23.495621, -23.495621, -23.495621, -23.495621, -23.495621, -23.495621, -23.495621, -23.495621, -23.495621, -23.495621, -23.495621, -23.495621, -23.495621, -23.495621, -23.495621, -23.495621, -23.495621, -23.495621, -23.495621, -23.495621, 
62234, -24.485901, -24.485901, -24.485901, -24.485901, -24.485901, -24.485901, -24.485901, -24.485901, -24.485901, -24.485901, -24.485901, -24.485901, -24.485901, -24.485901, -24.485901, -24.485901, -24.485901, -24.485901, -24.485901, -24.485901, -24.485901, -24.485901, -24.485901, -24.485901, -24.485901, -24.485901, -24.485901, -24.485901, -24.485901, -24.485901, -24.485901, -24.485901, -24.485901, -24.485901, -24.485901, -24.485901, 
63483, -25.471619, -25.471619, -25.471619, -25.471619, -25.471619, -25.471619, -25.471619, -25.471619, -25.471619, -25.471619, -25.471619, -25.471619, -25.471619, -25.471619, -25.471619, -25.471619, -25.471619, -25.471619, -25.471619, -25.471619, -25.471619, -25.471619, -25.471619, -25.471619, -25.471619, -25.471619, -25.471619, -25.471619, -25.471619, -25.471619, -25.471619, -25.471619, -25.471619, -25.471619, -25.471619, -25.471619, 
64734, -26.454239, -26.454239, -26.454239, -26.454239, -26.454239, -26.454239, -26.454239, -26.454239, -26.454239, -26.454239, -26.454239, -26.454239, -26.454239, -26.454239, -26.454239, -26.454239, -26.454239, -26.454239, -26.454239, -26.454239, -26.454239, -26.454239, -26.454239, -26.454239, -26.454239, -26.454239, -26.454239, -26.454239, -26.454239, -26.454239, -26.454239, -26.454239, -26.454239, -26.454239, -26.454239, -26.454239, 
65983, -27.432617, -27.432617, -27.432617, -27.432617, -27.432617, -27.432617, -27.432617, -27.432617, -27.432617, -27.432617, -27.432617, -27.432617, -27.432617, -27.432617, -27.432617, -27.432617, -27.432617, -27.432617, -27.432617, -27.432617, -27.432617, -27.432617, -27.432617, -27.432617, -27.432617, -27.432617, -27.432617, -27.432617, -27.432617, -27.432617, -27.432617, -27.432617, -27.432617, -27.432617, -27.432617, -27.432617, 
67233, -28.406494, -28.406494, -28.406494, -28.406494, -28.406494, -28.406494, -28.406494, -28.406494, -28.406494, -28.406494, -28.406494, -28.406494, -28.406494, -28.406494, -28.406494, -28.406494, -28.406494, -28.406494, -28.406494, -28.406494, -28.406494, -28.406494, -28.406494, -28.406494, -28.406494, -28.406494, -28.406494, -28.406494, -28.406494, -28.406494, -28.406494, -28.406494, -28.406494, -28.406494, -28.406494, -28.406494, 
68484, -29.377777, -29.377777, -29.377777, -29.377777, -29.377777, -29.377777, -29.377777, -29.377777, -29.377777, -29.377777, -29.377777, -29.377777, -29.377777, -29.377777, -29.377777, -29.377777, -29.377777, -29.377777, -29.377777, -29.377777, -29.377777, -29.377777, -29.377777, -29.377777, -29.377777, -29.377777, -29.377777, -29.377777, -29.377777, -29.377777, -29.377777, -29.377777, -29.377777, -29.377777, -29.377777, -29.377777, 
69733, -30.344543, -30.344543, -30.344543, -30.344543, -30.344543, -30.344543, -30.344543, -30.344543, -30.344543, -30.344543, -30.344543, -30.344543, -30.344543, -30.344543, -30.344543, -30.344543, -30.344543, -30.344543, -30.344543, -30.344543, -30.344543, -30.344543, -30.344543, -30.344543, -30.344543, -30.344543, -30.344543, -30.344543, -30.344543, -30.344543, -30.344543, -30.344543, -30.344543, -30.344543, -30.344543, -30.344543, 
70984, -31.307663, -31.307663, -31.307663, -31.307663, -31.307663, -31.307663, -31.307663, -31.307663, -31.307663, -31.307663, -31.307663, -31.307663, -31.307663, -31.307663, -31.307663, -31.307663, -31.307663, -31.307663, -31.307663, -31.307663, -31.307663, -31.307663, -31.307663, -31.307663, -31.307663, -31.307663, -31.307663, -31.307663, -31.307663, -31.307663, -31.307663, -31.307663, -31.307663, -31.307663, -31.307663, -31.307663, 
72233, -32.266495, -32.266495, -32.266495, -32.266495, -32.266495, -32.266495, -32.266495, -32.266495, -32.266495, -32.266495, -32.266495, -32.266495, -32.266495, -32.266495, -32.266495, -32.266495, -32.266495, -32.266495, -32.266495, -32.266495, -32.266495, -32.266495, -32.266495, -32.266495, -32.266495, -32.266495, -32.266495, -32.266495, -32.266495, -32.266495, -32.266495, -32.266495, -32.266495, -32.266495, -32.266495, -32.266495, 
73484, -33.221817, -33.221817, -33.221817, -33.221817, -33.221817, -33.221817, -33.221817, -33.221817, -33.221817, -33.221817, -33.221817, -33.221817, -33.221817, -33.221817, -33.221817, -33.221817, -33.221817, -33.221817, -33.221817, -33.221817, -33.221817, -33.221817, -33.221817, -33.221817, -33.221817, -33.221817, -33.221817, -33.221817, -33.221817, -33.221817, -33.221817, -33.221817, -33.221817, -33.221817, -33.221817, -33.221817, 
74734, -34.173523, -34.173523, -34.173523, -34.173523, -34.173523, -34.173523, -34.173523, -34.173523, -34.173523, -34.173523, -34.173523, -34.173523, -34.173523, -34.173523, -34.173523, -34.173523, -34.173523, -34.173523, -34.173523, -34.173523, -34.173523, -34.173523, -34.173523, -34.173523, -34.173523, -34.173523, -34.173523, -34.173523, -34.173523, -34.173523, -34.173523, -34.173523, -34.173523, -34.173523, -34.173523, -34.173523, 
75984, -35.121460, -35.121460, -35.121460, -35.121460, -35.121460, -35.121460, -35.121460, -35.121460, -35.121460, -35.121460, -35.121460, -35.121460, -35.121460, -35.121460, -35.121460, -35.121460, -35.121460, -35.121460, -35.121460, -35.121460, -35.121460, -35.121460, -35.121460, -35.121460, -35.121460, -35.121460, -35.121460, -35.121460, -35.121460, -35.121460, -35.121460, -35.121460, -35.121460, -35.121460, -35.121460, -35.121460, 
77234, -36.065323, -36.065323, -36.065323, -36.065323, -36.065323, -36.065323, -36.065323, -36.065323, -36.065323, -36.065323, -36.065323, -36.065323, -36.065323, -36.065323, -36.065323, -36.065323, -36.065323, -36.065323, -36.065323, -36.065323, -36.065323, -36.065323, -36.065323, -36.065323, -36.065323, -36.065323, -36.065323, -36.065323, -36.065323, -36.065323, -36.065323, -36.065323, -36.065323, -36.065323, -36.065323, -36.065323, 
78484, -37.005737, -37.005737, -37.005737, -37.005737, -37.005737, -37.005737, -37.005737, -37.005737, -37.005737, -37.005737, -37.005737, -37.005737, -37.005737, -37.005737, -37.005737, -37.005737, -37.005737, -37.005737, -37.005737, -37.005737, -37.005737, -37.005737, -37.005737, -37.005737, -37.005737, -37.005737, -37.005737, -37.005737, -37.005737, -37.005737, -37.005737, -37.005737, -37.005737, -37.005737, -37.005737, -37.005737, 
79734, -37.942139, -37.942139, -37.942139, -37.942139, -37.942139, -37.942139, -37.942139, -37.942139, -37.942139, -37.942139, -37.942139, -37.942139, -37.942139, -37.942139, -37.942139, -37.942139, -37.942139, -37.942139, -37.942139, -37.942139, -37.942139, -37.942139, -37.942139, -37.942139, -37.942139, -37.942139, -37.942139, -37.942139, -37.942139, -37.942139, -37.942139, -37.942139, -37.942139, -37.942139, -37.942139, -37.942139, 
80983, -38.874649, -38.874649, -38.874649, -38.874649, -38.874649, -38.874649, -38.874649, -38.874649, -38.874649, -38.874649, -38.874649, -38.874649, -38.874649, -38.874649, -38.874649, -38.874649, -38.874649, -38.874649, -38.874649, -38.874649, -38.874649, -38.874649, -38.874649, -38.874649, -38.874649, -38.874649, -38.874649, -38.874649, -38.874649, -38.874649, -38.874649, -38.874649, -38.874649, -38.874649, -38.874649, -38.874649, 
82234, -39.804077, -39.804077, -39.804077, -39.804077, -39.804077, -39.804077, -39.804077, -39.804077, -39.804077, -39.804077, -39.804077, -39.804077, -39.804077, -39.804077, -39.804077, -39.804077, -39.804077, -39.804077, -39.804077, -39.804077, -39.804077, -39.804077, -39.804077, -39.804077, -39.804077, -39.804077, -39.804077, -39.804077, -39.804077, -39.804077, -39.804077, -39.804077, -39.804077, -39.804077, -39.804077, -39.804077, 
83484, -40.729370, -40.729370, -40.729370, -40.729370, -40.729370, -40.729370, -40.729370, -40.729370, -40.729370, -40.729370, -40.729370, -40.729370, -40.729370, -40.729370, -40.729370, -40.729370, -40.729370, -40.729370, -40.729370, -40.729370, -40.729370, -40.729370, -40.729370, -40.729370, -40.729370, -40.729370, -40.729370, -40.729370, -40.729370, -40.729370, -40.729370, -40.729370, -40.729370, -40.729370, -40.729370, -40.729370, 
84734, -41.651260, -41.651260, -41.651260, -41.651260, -41.651260, -41.651260, -41.651260, -41.651260, -41.651260, -41.651260, -41.651260, -41.651260, -41.651260, -41.651260, -41.651260, -41.651260, -41.651260, -41.651260, -41.651260, -41.651260, -41.651260, -41.651260, -41.651260, -41.651260, -41.651260, -41.651260, -41.651260, -41.651260, -41.651260, -41.651260, -41.651260, -41.651260, -41.651260, -41.651260, -41.651260, -41.651260, 
85984, -42.569260, -42.569260, -42.569260, -42.569260, -42.569260, -42.569260, -42.569260, -42.569260, -42.569260, -42.569260, -42.569260, -42.569260, -42.569260, -42.569260, -42.569260, -42.569260, -42.569260, -42.569260, -42.569260, -42.569260, -42.569260, -42.569260, -42.569260, -42.569260, -42.569260, -42.569260, -42.569260, -42.569260, -42.569260, -42.569260, -42.569260, -42.569260, -42.569260, -42.569260, -42.569260, -42.569260, 
87234, -43.483734, -43.483734, -43.483734, -43.483734, -43.483734, -43.483734, -43.483734, -43.483734, -43.483734, -43.483734, -43.483734, -43.483734, -43.483734, -43.483734, -43.483734, -43.483734, -43.483734, -43.483734, -43.483734, -43.483734, -43.483734, -43.483734, -43.483734, -43.483734, -43.483734, -43.483734, -43.483734, -43.483734, -43.483734, -43.483734, -43.483734, -43.483734, -43.483734, -43.483734, -43.483734, -43.483734, 
88483, -44.394714, -44.394714, -44.394714, -44.394714, -44.394714, -44.394714, -44.394714, -44.394714, -44.394714, -44.394714, -44.394714, -44.394714, -44.394714, -44.394714, -44.394714, -44.394714, -44.394714, -44.394714, -44.394714, -44.394714, -44.394714, -44.394714, -44.394714, -44.394714, -44.394714, -44.394714, -44.394714, -44.394714, -44.394714, -44.394714, -44.394714, -44.394714, -44.394714, -44.394714, -44.394714, -44.394714, 
89734, -45.302094, -45.302094, -45.302094, -45.302094, -45.302094, -45.302094, -45.302094, -45.302094, -45.302094, -45.302094, -45.302094, -45.302094, -45.302094, -45.302094, -45.302094, -45.302094, -45.302094, -45.302094, -45.302094, -45.302094, -45.302094, -45.302094, -45.302094, -45.302094, -45.302094, -45.302094, -45.302094, -45.302094, -45.302094, -45.302094, -45.302094, -45.302094, -45.302094, -45.302094, -45.302094, -45.302094, 
90984, -46.205750, -46.205750, -46.205750, -46.205750, -46.205750, -46.205750, -46.205750, -46.205750, -46.205750, -46.205750, -46.205750, -46.205750, -46.205750, -46.205750, -46.205750, -46.205750, -46.205750, -46.205750, -46.205750, -46.205750, -46.205750, -46.205750, -46.205750, -46.205750, -46.205750, -46.205750, -46.205750, -46.205750, -46.205750, -46.205750, -46.205750, -46.205750, -46.205750, -46.205750, -46.205750, -46.205750, 
92234, -47.105637, -47.105637, -47.105637, -47.105637, -47.105637, -47.105637, -47.105637, -47.105637, -47.105637, -47.105637, -47.105637, -47.105637, -47.105637, -47.105637, -47.105637, -47.105637, -47.105637, -47.105637, -47.105637, -47.105637, -47.105637, -47.105637, -47.105637, -47.105637, -47.105637, -47.105637, -47.105637, -47.105637, -47.105637, -47.105637, -47.105637, -47.105637, -47.105637, -47.105637, -47.105637, -47.105637, 
93484, -48.002136, -48.002136, -48.002136, -48.002136, -48.002136, -48.002136, -48.002136, -48.002136, -48.002136, -48.002136, -48.002136, -48.002136, -48.002136, -48.002136, -48.002136, -48.002136, -48.002136, -48.002136, -48.002136, -48.002136, -48.002136, -48.002136, -48.002136, -48.002136, -48.002136, -48.002136, -48.002136, -48.002136, -48.002136, -48.002136, -48.002136, -48.002136, -48.002136, -48.002136, -48.002136, -48.002136, 
94734, -48.894913, -48.894913, -48.894913, -48.894913, -48.894913, -48.894913, -48.894913, -48.894913, -48.894913, -48.894913, -48.894913, -48.894913, -48.894913, -48.894913, -48.894913, -48.894913, -48.894913, -48.894913, -48.894913, -48.894913, -48.894913, -48.894913, -48.894913, -48.894913, -48.894913, -48.894913, -48.894913, -48.894913, -48.894913, -48.894913, -48.894913, -48.894913, -48.894913, -48.894913, -48.894913, -48.894913, 
95984, -49.784180, -49.784180, -49.784180, -49.784180, -49.784180, -49.784180, -49.784180, -49.784180, -49.784180, -49.784180, -49.784180, -49.784180, -49.784180, -49.784180, -49.784180, -49.784180, -49.784180, -49.784180, -49.784180, -49.784180, -49.784180, -49.784180, -49.784180, -49.784180, -49.784180, -49.784180, -49.784180, -49.784180, -49.784180, -49.784180, -49.784180, -49.784180, -49.784180, -49.784180, -49.784180, -49.784180, 
97234, -50.670303, -50.670303, -50.670303, -50.670303, -50.670303, -50.670303, -50.670303, -50.670303, -50.670303, -50.670303, -50.670303, -50.670303, -50.670303, -50.670303, -50.670303, -50.670303, -50.670303, -50.670303, -50.670303, -50.670303, -50.670303, -50.670303, -50.670303, -50.670303, -50.670303, -50.670303, -50.670303, -50.670303, -50.670303, -50.670303, -50.670303, -50.670303, -50.670303, -50.670303, -50.670303, -50.670303, 
98483, -51.552505, -51.552505, -51.552505, -51.552505, -51.552505, -51.552505, -51.552505, -51.552505, -51.552505, -51.552505, -51.552505, -51.552505, -51.552505, -51.552505, -51.552505, -51.552505, -51.552505, -51.552505, -51.552505, -51.552505, -51.552505, -51.552505, -51.552505, -51.552505, -51.552505, -51.552505, -51.552505, -51.552505, -51.552505, -51.552505, -51.552505, -51.552505, -51.552505, -51.552505, -51.552505, -51.552505, 
99733, -52.430954, -52.430954, -52.430954, -52.430954, -52.430954, -52.430954, -52.430954, -52.430954, -52.430954, -52.430954, -52.430954, -52.430954, -52.430954, -52.430954, -52.430954, -52.430954, -52.430954, -52.430954, -52.430954, -52.430954, -52.430954, -52.430954, -52.430954, -52.430954, -52.430954, -52.430954, -52.430954, -52.430954, -52.430954, -52.430954, -52.430954, -52.430954, -52.430954, -52.430954, -52.430954, -52.430954, 
100983, -53.306290, -53.306290, -53.306290, -53.306290, -53.306290, -53.306290, -53.306290, -53.306290, -53.306290, -53.306290, -53.306290, -53.306290, -53.306290, -53.306290, -53.306290, -53.306290, -53.306290, -53.306290, -53.306290, -53.306290, -53.306290, -53.306290, -53.306290, -53.306290, -53.306290, -53.306290, -53.306290, -53.306290, -53.306290, -53.306290, -53.306290, -53.306290, -53.306290, -53.306290, -53.306290, -53.306290, 
102233, -54.178040, -54.178040, -54.178040, -54.178040, -54.178040, -54.178040, -54.178040, -54.178040, -54.178040, -54.178040, -54.178040, -54.178040, -54.178040, -54.178040, -54.178040, -54.178040, -54.178040, -54.178040, -54.178040, -54.178040, -54.178040, -54.178040, -54.178040, -54.178040, -54.178040, -54.178040, -54.178040, -54.178040, -54.178040, -54.178040, -54.178040, -54.178040, -54.178040, -54.178040, -54.178040, -54.178040, 
103483, -55.046478, -55.046478, -55.046478, -55.046478, -55.046478, -55.046478, -55.046478, -55.046478, -55.046478, -55.046478, -55.046478, -55.046478, -55.046478, -55.046478, -55.046478, -55.046478, -55.046478, -55.046478, -55.046478, -55.046478, -55.046478, -55.046478, -55.046478, -55.046478, -55.046478, -55.046478, -55.046478, -55.046478, -55.046478, -55.046478, -55.046478, -55.046478, -55.046478, -55.046478, -55.046478, -55.046478, 
104733, -55.911346, -55.911346, -55.911346, -55.911346, -55.911346, -55.911346, -55.911346, -55.911346, -55.911346, -55.911346, -55.911346, -55.911346, -55.911346, -55.911346, -55.911346, -55.911346, -55.911346, -55.911346, -55.911346, -55.911346, -55.911346, -55.911346, -55.911346, -55.911346, -55.911346, -55.911346, -55.911346, -55.911346, -55.911346, -55.911346, -55.911346, -55.911346, -55.911346, -55.911346, -55.911346, -55.911346, 
105983, -56.772888, -56.772888, -56.772888, -56.772888, -56.772888, -56.772888, -56.772888, -56.772888, -56.772888, -56.772888, -56.772888, -56.772888, -56.772888, -56.772888, -56.772888, -56.772888, -56.772888, -56.772888, -56.772888, -56.772888, -56.772888, -56.772888, -56.772888, -56.772888, -56.772888, -56.772888, -56.772888, -56.772888, -56.772888, -56.772888, -56.772888, -56.772888, -56.772888, -56.772888, -56.772888, -56.772888, 
107233, -57.631027, -57.631027, -57.631027, -57.631027, -57.631027, -57.631027, -57.631027, -57.631027, -57.631027, -57.631027, -57.631027, -57.631027, -57.631027, -57.631027, -57.631027, -57.631027, -57.631027, -57.631027, -57.631027, -57.631027, -57.631027, -57.631027, -57.631027, -57.631027, -57.631027, -57.631027, -57.631027, -57.631027, -57.631027, -57.631027, -57.631027, -57.631027, -57.631027, -57.631027, -57.631027, -57.631027, 
108483, -58.485779, -58.485779, -58.485779, -58.485779, -58.485779, -58.485779, -58.485779, -58.485779, -58.485779, -58.485779, -58.485779, -58.485779, -58.485779, -58.485779, -58.485779, -58.485779, -58.485779, -58.485779, -58.485779, -58.485779, -58.485779, -58.485779, -58.485779, -58.485779, -58.485779, -58.485779, -58.485779, -58.485779, -58.485779, -58.485779, -58.485779, -58.485779, -58.485779, -58.485779, -58.485779, -58.485779, 
109733, -59.337402, -59.337402, -59.337402, -59.337402, -59.337402, -59.337402, -59.337402, -59.337402, -59.337402, -59.337402, -59.337402, -59.337402, -59.337402, -59.337402, -59.337402, -59.337402, -59.337402, -59.337402, -59.337402, -59.337402, -59.337402, -59.337402, -59.337402, -59.337402, -59.337402, -59.337402, -59.337402, -59.337402, -59.337402, -59.337402, -59.337402, -59.337402, -59.337402, -59.337402, -59.337402, -59.337402, 
110983, -60.185104, -60.185104, -60.185104, -60.185104, -60.185104, -60.185104, -60.185104, -60.185104, -60.185104, -60.185104, -60.185104, -60.185104, -60.185104, -60.185104, -60.185104, -60.185104, -60.185104, -60.185104, -60.185104, -60.185104, -60.185104, -60.185104, -60.185104, -60.185104, -60.185104, -60.185104, -60.185104, -60.185104, -60.185104, -60.185104, -60.185104, -60.185104, -60.185104, -60.185104, -60.185104, -60.185104, 
112233, -61.029968, -61.029968, -61.029968, -61.029968, -61.029968, -61.029968, -61.029968, -61.029968, -61.029968, -61.029968, -61.029968, -61.029968, -61.029968, -61.029968, -61.029968, -61.029968, -61.029968, -61.029968, -61.029968, -61.029968, -61.029968, -61.029968, -61.029968, -61.029968, -61.029968, -61.029968, -61.029968, -61.029968, -61.029968, -61.029968, -61.029968, -61.029968, -61.029968, -61.029968, -61.029968, -61.029968, 
113483, -61.871262, -61.871262, -61.871262, -61.871262, -61.871262, -61.871262, -61.871262, -61.871262, -61.871262, -61.871262, -61.871262, -61.871262, -61.871262, -61.871262, -61.871262, -61.871262, -61.871262, -61.871262, -61.871262, -61.871262, -61.871262, -61.871262, -61.871262, -61.871262, -61.871262, -61.871262, -61.871262, -61.871262, -61.871262, -61.871262, -61.871262, -61.871262, -61.871262, -61.871262, -61.871262, -61.871262, 
114733, -62.709030, -62.709030, -62.709030, -62.709030, -62.709030, -62.709030, -62.709030, -62.709030, -62.709030, -62.709030, -62.709030, -62.709030, -62.709030, -62.709030, -62.709030, -62.709030, -62.709030, -62.709030, -62.709030, -62.709030, -62.709030, -62.709030, -62.709030, -62.709030, -62.709030, -62.709030, -62.709030, -62.709030, -62.709030, -62.709030, -62.709030, -62.709030, -62.709030, -62.709030, -62.709030, -62.709030, 
115983, -63.543640, -63.543640, -63.543640, -63.543640, -63.543640, -63.543640, -63.543640, -63.543640, -63.543640, -63.543640, -63.543640, -63.543640, -63.543640, -63.543640, -63.543640, -63.543640, -63.543640, -63.543640, -63.543640, -63.543640, -63.543640, -63.543640, -63.543640, -63.543640, -63.543640, -63.543640, -63.543640, -63.543640, -63.543640, -63.543640, -63.543640, -63.543640, -63.543640, -63.543640, -63.543640, -63.543640, 
117233, -64.374924, -64.374924, -64.374924, -64.374924, -64.374924, -64.374924, -64.374924, -64.374924, -64.374924, -64.374924, -64.374924, -64.374924, -64.374924, -64.374924, -64.374924, -64.374924, -64.374924, -64.374924, -64.374924, -64.374924, -64.374924, -64.374924, -64.374924, -64.374924, -64.374924, -64.374924, -64.374924, -64.374924, -64.374924, -64.374924, -64.374924, -64.374924, -64.374924, -64.374924, -64.374924, -64.374924, 
118482, -65.202927, -65.202927, -65.202927, -65.202927, -65.202927, -65.202927, -65.202927, -65.202927, -65.202927, -65.202927, -65.202927, -65.202927, -65.202927, -65.202927, -65.202927, -65.202927, -65.202927, -65.202927, -65.202927, -65.202927, -65.202927, -65.202927, -65.202927, -65.202927, -65.202927, -65.202927, -65.202927, -65.202927, -65.202927, -65.202927, -65.202927, -65.202927, -65.202927, -65.202927, -65.202927, -65.202927, 
119733, -66.027771, -66.027771, -66.027771, -66.027771, -66.027771, -66.027771, -66.027771, -66.027771, -66.027771, -66.027771, -66.027771, -66.027771, -66.027771, -66.027771, -66.027771, -66.027771, -66.027771, -66.027771, -66.027771, -66.027771, -66.027771, -66.027771, -66.027771, -66.027771, -66.027771, -66.027771, -66.027771, -66.027771, -66.027771, -66.027771, -66.027771, -66.027771, -66.027771, -66.027771, -66.027771, -66.027771, 
120981, -66.848160, -66.848160, -66.848160, -66.848160, -66.848160, -66.848160, -66.848160, -66.848160, -66.848160, -66.848160, -66.848160, -66.848160, -66.848160, -66.848160, -66.848160, -66.848160, -66.848160, -66.848160, -66.848160, -66.848160, -66.848160, -66.848160, -66.848160, -66.848160, -66.848160, -66.848160, -66.848160, -66.848160, -66.848160, -66.848160, -66.848160, -66.848160, -66.848160, -66.848160, -66.848160, -66.848160, 
122231, -67.666107, -67.666107, -67.666107, -67.666107, -67.666107, -67.666107, -67.666107, -67.666107, -67.666107, -67.666107, -67.666107, -67.666107, -67.666107, -67.666107, -67.666107, -67.666107, -67.666107, -67.666107, -67.666107, -67.666107, -67.666107, -67.666107, -67.666107, -67.666107, -67.666107, -67.666107, -67.666107, -67.666107, -67.666107, -67.666107, -67.666107, -67.666107, -67.666107, -67.666107, -67.666107, -67.666107, 
123481, -68.481033, -68.481033, -68.481033, -68.481033, -68.481033, -68.481033, -68.481033, -68.481033, -68.481033, -68.481033, -68.481033, -68.481033, -68.481033, -68.481033, -68.481033, -68.481033, -68.481033, -68.481033, -68.481033, -68.481033, -68.481033, -68.481033, -68.481033, -68.481033, -68.481033, -68.481033, -68.481033, -68.481033, -68.481033, -68.481033, -68.481033, -68.481033, -68.481033, -68.481033, -68.481033, -68.481033, 
124731, -69.292603, -69.292603, -69.292603, -69.292603, -69.292603, -69.292603, -69.292603, -69.292603, -69.292603, -69.292603, -69.292603, -69.292603, -69.292603, -69.292603, -69.292603, -69.292603, -69.292603, -69.292603, -69.292603, -69.292603, -69.292603, -69.292603, -69.292603, -69.292603, -69.292603, -69.292603, -69.292603, -69.292603, -69.292603, -69.292603, -69.292603, -69.292603, -69.292603, -69.292603, -69.292603, -69.292603, 
125980, -70.100586, -70.100586, -70.100586, -70.100586, -70.100586, -70.100586, -70.100586, -70.100586, -70.100586, -70.100586, -70.100586, -70.100586, -70.100586, -70.100586, -70.100586, -70.100586, -70.100586, -70.100586, -70.100586, -70.100586, -70.100586, -70.100586, -70.100586, -70.100586, -70.100586, -70.100586, -70.100586, -70.100586, -70.100586, -70.100586, -70.100586, -70.100586, -70.100586, -70.100586, -70.100586, -70.100586, 
127231, -70.906128, -70.906128, -70.906128, -70.906128, -70.906128, -70.906128, -70.906128, -70.906128, -70.906128, -70.906128, -70.906128, -70.906128, -70.906128, -70.906128, -70.906128, -70.906128, -70.906128, -70.906128, -70.906128, -70.906128, -70.906128, -70.906128, -70.906128, -70.906128, -70.906128, -70.906128, -70.906128, -70.906128, -70.906128, -70.906128, -70.906128, -70.906128, -70.906128, -70.906128, -70.906128, -70.906128, 
128481, -71.708588, -71.708588, -71.708588, -71.708588, -71.708588, -71.708588, -71.708588, -71.708588, -71.708588, -71.708588, -71.708588, -71.708588, -71.708588, -71.708588, -71.708588, -71.708588, -71.708588, -71.708588, -71.708588, -71.708588, -71.708588, -71.708588, -71.708588, -71.708588, -71.708588, -71.708588, -71.708588, -71.708588, -71.708588, -71.708588, -71.708588, -71.708588, -71.708588, -71.708588, -71.708588, -71.708588, 
129731, -72.507263, -72.507263, -72.507263, -72.507263, -72.507263, -72.507263, -72.507263, -72.507263, -72.507263, -72.507263, -72.507263, -72.507263, -72.507263, -72.507263, -72.507263, -72.507263, -72.507263, -72.507263, -72.507263, -72.507263, -72.507263, -72.507263, -72.507263, -72.507263, -72.507263, -72.507263, -72.507263, -72.507263, -72.507263, -72.507263, -72.507263, -72.507263, -72.507263, -72.507263, -72.507263, -72.507263, 
130980, -73.302979, -73.302979, -73.302979, -73.302979, -73.302979, -73.302979, -73.302979, -73.302979, -73.302979, -73.302979, -73.302979, -73.302979, -73.302979, -73.302979, -73.302979, -73.302979, -73.302979, -73.302979, -73.302979, -73.302979, -73.302979, -73.302979, -73.302979, -73.302979, -73.302979, -73.302979, -73.302979, -73.302979, -73.302979, -73.302979, -73.302979, -73.302979, -73.302979, -73.302979, -73.302979, -73.302979, 
132231, -74.095718, -74.095718, -74.095718, -74.095718, -74.095718, -74.095718, -74.095718, -74.095718, -74.095718, -74.095718, -74.095718, -74.095718, -74.095718, -74.095718, -74.095718, -74.095718, -74.095718, -74.095718, -74.095718, -74.095718, -74.095718, -74.095718, -74.095718, -74.095718, -74.095718, -74.095718, -74.095718, -74.095718, -74.095718, -74.095718, -74.095718, -74.095718, -74.095718, -74.095718, -74.095718, -74.095718, 
133481, -74.885269, -74.885269, -74.885269, -74.885269, -74.885269, -74.885269, -74.885269, -74.885269, -74.885269, -74.885269, -74.885269, -74.885269, -74.885269, -74.885269, -74.885269, -74.885269, -74.885269, -74.885269, -74.885269, -74.885269, -74.885269, -74.885269, -74.885269, -74.885269, -74.885269, -74.885269, -74.885269, -74.885269, -74.885269, -74.885269, -74.885269, -74.885269, -74.885269, -74.885269, -74.885269, -74.885269, 
134731, -75.671585, -75.671585, -75.671585, -75.671585, -75.671585, -75.671585, -75.671585, -75.671585, -75.671585, -75.671585, -75.671585, -75.671585, -75.671585, -75.671585, -75.671585, -75.671585, -75.671585, -75.671585, -75.671585, -75.671585, -75.671585, -75.671585, -75.671585, -75.671585, -75.671585, -75.671585, -75.671585, -75.671585, -75.671585, -75.671585, -75.671585, -75.671585, -75.671585, -75.671585, -75.671585, -75.671585, 
135981, -76.454773, -76.454773, -76.454773, -76.454773, -76.454773, -76.454773, -76.454773, -76.454773, -76.454773, -76.454773, -76.454773, -76.454773, -76.454773, -76.454773, -76.454773, -76.454773, -76.454773, -76.454773, -76.454773, -76.454773, -76.454773, -76.454773, -76.454773, -76.454773, -76.454773, -76.454773, -76.454773, -76.454773, -76.454773, -76.454773, -76.454773, -76.454773, -76.454773, -76.454773, -76.454773, -76.454773, 
137231, -77.234879, -77.234879, -77.234879, -77.234879, -77.234879, -77.234879, -77.234879, -77.234879, -77.234879, -77.234879, -77.234879, -77.234879, -77.234879, -77.234879, -77.234879, -77.234879, -77.234879, -77.234879, -77.234879, -77.234879, -77.234879, -77.234879, -77.234879, -77.234879, -77.234879, -77.234879, -77.234879, -77.234879, -77.234879, -77.234879, -77.234879, -77.234879, -77.234879, -77.234879, -77.234879, -77.234879, 
138481, -78.011856, -78.011856, -78.011856, -78.011856, -78.011856, -78.011856, -78.011856, -78.011856, -78.011856, -78.011856, -78.011856, -78.011856, -78.011856, -78.011856, -78.011856, -78.011856, -78.011856, -78.011856, -78.011856, -78.011856, -78.011856, -78.011856, -78.011856, -78.011856, -78.011856, -78.011856, -78.011856, -78.011856, -78.011856, -78.011856, -78.011856, -78.011856, -78.011856, -78.011856, -78.011856, -78.011856, 
139730, -78.785522, -78.785522, -78.785522, -78.785522, -78.785522, -78.785522, -78.785522, -78.785522, -78.785522, -78.785522, -78.785522, -78.785522, -78.785522, -78.785522, -78.785522, -78.785522, -78.785522, -78.785522, -78.785522, -78.785522, -78.785522, -78.785522, -78.785522, -78.785522, -78.785522, -78.785522, -78.785522, -78.785522, -78.785522, -78.785522, -78.785522, -78.785522, -78.785522, -78.785522, -78.785522, -78.785522, 
140981, -79.556244, -79.556244, -79.556244, -79.556244, -79.556244, -79.556244, -79.556244, -79.556244, -79.556244, -79.556244, -79.556244, -79.556244, -79.556244, -79.556244, -79.556244, -79.556244, -79.556244, -79.556244, -79.556244, -79.556244, -79.556244, -79.556244, -79.556244, -79.556244, -79.556244, -79.556244, -79.556244, -79.556244, -79.556244, -79.556244, -79.556244, -79.556244, -79.556244, -79.556244, -79.556244, -79.556244, 
142231, -80.324387, -80.324387, -80.324387, -80.324387, -80.324387, -80.324387, -80.324387, -80.324387, -80.324387, -80.324387, -80.324387, -80.324387, -80.324387, -80.324387, -80.324387, -80.324387, -80.324387, -80.324387, -80.324387, -80.324387, -80.324387, -80.324387, -80.324387, -80.324387, -80.324387, -80.324387, -80.324387, -80.324387, -80.324387, -80.324387, -80.324387, -80.324387, -80.324387, -80.324387, -80.324387, -80.324387, 
143481, -81.089142, -81.089142, -81.089142, -81.089142, -81.089142, -81.089142, -81.089142, -81.089142, -81.089142, -81.089142, -81.089142, -81.089142, -81.089142, -81.089142, -81.089142, -81.089142, -81.089142, -81.089142, -81.089142, -81.089142, -81.089142, -81.089142, -81.089142, -81.089142, -81.089142, -81.089142, -81.089142, -81.089142, -81.089142, -81.089142, -81.089142, -81.089142, -81.089142, -81.089142, -81.089142, -81.089142, 
144730, -81.850723, -81.850723, -81.850723, -81.850723, -81.850723, -81.850723, -81.850723, -81.850723, -81.850723, -81.850723, -81.850723, -81.850723, -81.850723, -81.850723, -81.850723, -81.850723, -81.850723, -81.850723, -81.850723, -81.850723, -81.850723, -81.850723, -81.850723, -81.850723, -81.850723, -81.850723, -81.850723, -81.850723, -81.850723, -81.850723, -81.850723, -81.850723, -81.850723, -81.850723, -81.850723, -81.850723, 
145981, -82.609406, -82.609406, -82.609406, -82.609406, -82.609406, -82.609406, -82.609406, -82.609406, -82.609406, -82.609406, -82.609406, -82.609406, -82.609406, -82.609406, -82.609406, -82.609406, -82.609406, -82.609406, -82.609406, -82.609406, -82.609406, -82.609406, -82.609406, -82.609406, -82.609406, -82.609406, -82.609406, -82.609406, -82.609406, -82.609406, -82.609406, -82.609406, -82.609406, -82.609406, -82.609406, -82.609406, 
147231, -83.365082, -83.365082, -83.365082, -83.365082, -83.365082, -83.365082, -83.365082, -83.365082, -83.365082, -83.365082, -83.365082, -83.365082, -83.365082, -83.365082, -83.365082, -83.365082, -83.365082, -83.365082, -83.365082, -83.365082, -83.365082, -83.365082, -83.365082, -83.365082, -83.365082, -83.365082, -83.365082, -83.365082, -83.365082, -83.365082, -83.365082, -83.365082, -83.365082, -83.365082, -83.365082, -83.365082, 
148481, -84.117630, -84.117630, -84.117630, -84.117630, -84.117630, -84.117630, -84.117630, -84.117630, -84.117630, -84.117630, -84.117630, -84.117630, -84.117630, -84.117630, -84.117630, -84.117630, -84.117630, -84.117630, -84.117630, -84.117630, -84.117630, -84.117630, -84.117630, -84.117630, -84.117630, -84.117630, -84.117630, -84.117630, -84.117630, -84.117630, -84.117630, -84.117630, -84.117630, -84.117630, -84.117630, -84.117630, 
149731, -84.867447, -84.867447, -84.867447, -84.867447, -84.867447, -84.867447, -84.867447, -84.867447, -84.867447, -84.867447, -84.867447, -84.867447, -84.867447, -84.867447, -84.867447, -84.867447, -84.867447, -84.867447, -84.867447, -84.867447, -84.867447, -84.867447, -84.867447, -84.867447, -84.867447, -84.867447, -84.867447, -84.867447, -84.867447, -84.867447, -84.867447, -84.867447, -84.867447, -84.867447, -84.867447, -84.867447, 
